,title
0,Azərbaycan Qazaxıstanda keçirilən “Digital Bridge” tədbirində təmsil olunub
1,İnnovasiya və Rəqəmsal İnkişaf Agentliyinin rəhbər şəxsləri nüfuzlu beynəlxalq mükafata layiq görülüblər
2,Azərbaycan dünyanın aparıcı tədbiri “TechCrunch Disrupt”da təmsil olunub
3,Azərbaycan startapları Türkiyədə keçirilən “Teknofest”də iştirak edib
4,İsrailin bir sıra aparıcı şirkət nümayəndələri Azərbaycana səfər edib
5,Pakistanın İKT üzrə aparıcı şirkətlər qrupunun nümayəndə heyəti Azərbaycana səfər edib
6,“Azərbaycanda rəqəmsal hökumətin inkişafı” mövzusunda vörkşop keçirilib
7,"""Kağızsız Hökumət""-ə keçid çərçivəsində Milli Məlumat Mübadiləsi platformasının təkmilləşdirilməsi ilə bağlı yeni həll təqdim edilib."
8,Ödənişsiz internetə çıxışın üstünlükləri
9,Dünya Bankı tərəfindən Azərbaycanın rəqəmsal inkişaf strategiyası üçün modullardan ibarət ilkin sənəd hazırlandı
10,Azərbaycan Qazaxıstanda keçirilən “Digital Bridge” tədbirində təmsil olunub
11,İnnovasiya və Rəqəmsal İnkişaf Agentliyinin rəhbər şəxsləri nüfuzlu beynəlxalq mükafata layiq görülüblər
12,Azərbaycan dünyanın aparıcı tədbiri “TechCrunch Disrupt”da təmsil olunub
13,Azərbaycan startapları Türkiyədə keçirilən “Teknofest”də iştirak edib
14,İsrailin bir sıra aparıcı şirkət nümayəndələri Azərbaycana səfər edib
15,Pakistanın İKT üzrə aparıcı şirkətlər qrupunun nümayəndə heyəti Azərbaycana səfər edib
16,“Azərbaycanda rəqəmsal hökumətin inkişafı” mövzusunda vörkşop keçirilib
17,"""Kağızsız Hökumət""-ə keçid çərçivəsində Milli Məlumat Mübadiləsi platformasının təkmilləşdirilməsi ilə bağlı yeni həll təqdim edilib."
18,Ödənişsiz internetə çıxışın üstünlükləri
19,Dünya Bankı tərəfindən Azərbaycanın rəqəmsal inkişaf strategiyası üçün modullardan ibarət ilkin sənəd hazırlandı
20,Azərbaycan Qazaxıstanda keçirilən “Digital Bridge” tədbirində təmsil olunub
21,İnnovasiya və Rəqəmsal İnkişaf Agentliyinin rəhbər şəxsləri nüfuzlu beynəlxalq mükafata layiq görülüblər
22,Azərbaycan dünyanın aparıcı tədbiri “TechCrunch Disrupt”da təmsil olunub
23,Azərbaycan startapları Türkiyədə keçirilən “Teknofest”də iştirak edib
24,İsrailin bir sıra aparıcı şirkət nümayəndələri Azərbaycana səfər edib
25,Pakistanın İKT üzrə aparıcı şirkətlər qrupunun nümayəndə heyəti Azərbaycana səfər edib
26,“Azərbaycanda rəqəmsal hökumətin inkişafı” mövzusunda vörkşop keçirilib
27,"""Kağızsız Hökumət""-ə keçid çərçivəsində Milli Məlumat Mübadiləsi platformasının təkmilləşdirilməsi ilə bağlı yeni həll təqdim edilib."
28,Ödənişsiz internetə çıxışın üstünlükləri
29,Dünya Bankı tərəfindən Azərbaycanın rəqəmsal inkişaf strategiyası üçün modullardan ibarət ilkin sənəd hazırlandı
30,Azərbaycan Qazaxıstanda keçirilən “Digital Bridge” tədbirində təmsil olunub
31,İnnovasiya və Rəqəmsal İnkişaf Agentliyinin rəhbər şəxsləri nüfuzlu beynəlxalq mükafata layiq görülüblər
32,Azərbaycan dünyanın aparıcı tədbiri “TechCrunch Disrupt”da təmsil olunub
33,Azərbaycan startapları Türkiyədə keçirilən “Teknofest”də iştirak edib
34,İsrailin bir sıra aparıcı şirkət nümayəndələri Azərbaycana səfər edib
35,Pakistanın İKT üzrə aparıcı şirkətlər qrupunun nümayəndə heyəti Azərbaycana səfər edib
36,“Azərbaycanda rəqəmsal hökumətin inkişafı” mövzusunda vörkşop keçirilib
37,"""Kağızsız Hökumət""-ə keçid çərçivəsində Milli Məlumat Mübadiləsi platformasının təkmilləşdirilməsi ilə bağlı yeni həll təqdim edilib."
38,Ödənişsiz internetə çıxışın üstünlükləri
39,Dünya Bankı tərəfindən Azərbaycanın rəqəmsal inkişaf strategiyası üçün modullardan ibarət ilkin sənəd hazırlandı
40,Azərbaycan Qazaxıstanda keçirilən “Digital Bridge” tədbirində təmsil olunub
41,İnnovasiya və Rəqəmsal İnkişaf Agentliyinin rəhbər şəxsləri nüfuzlu beynəlxalq mükafata layiq görülüblər
42,Azərbaycan dünyanın aparıcı tədbiri “TechCrunch Disrupt”da təmsil olunub
43,Azərbaycan startapları Türkiyədə keçirilən “Teknofest”də iştirak edib
44,İsrailin bir sıra aparıcı şirkət nümayəndələri Azərbaycana səfər edib
45,Pakistanın İKT üzrə aparıcı şirkətlər qrupunun nümayəndə heyəti Azərbaycana səfər edib
46,“Azərbaycanda rəqəmsal hökumətin inkişafı” mövzusunda vörkşop keçirilib
47,"""Kağızsız Hökumət""-ə keçid çərçivəsində Milli Məlumat Mübadiləsi platformasının təkmilləşdirilməsi ilə bağlı yeni həll təqdim edilib."
48,Ödənişsiz internetə çıxışın üstünlükləri
49,Dünya Bankı tərəfindən Azərbaycanın rəqəmsal inkişaf strategiyası üçün modullardan ibarət ilkin sənəd hazırlandı
50,Azərbaycan Qazaxıstanda keçirilən “Digital Bridge” tədbirində təmsil olunub
51,İnnovasiya və Rəqəmsal İnkişaf Agentliyinin rəhbər şəxsləri nüfuzlu beynəlxalq mükafata layiq görülüblər
52,Azərbaycan dünyanın aparıcı tədbiri “TechCrunch Disrupt”da təmsil olunub
53,Azərbaycan startapları Türkiyədə keçirilən “Teknofest”də iştirak edib
54,İsrailin bir sıra aparıcı şirkət nümayəndələri Azərbaycana səfər edib
55,Pakistanın İKT üzrə aparıcı şirkətlər qrupunun nümayəndə heyəti Azərbaycana səfər edib
56,“Azərbaycanda rəqəmsal hökumətin inkişafı” mövzusunda vörkşop keçirilib
57,"""Kağızsız Hökumət""-ə keçid çərçivəsində Milli Məlumat Mübadiləsi platformasının təkmilləşdirilməsi ilə bağlı yeni həll təqdim edilib."
58,Ödənişsiz internetə çıxışın üstünlükləri
59,Dünya Bankı tərəfindən Azərbaycanın rəqəmsal inkişaf strategiyası üçün modullardan ibarət ilkin sənəd hazırlandı
60,Azərbaycan Qazaxıstanda keçirilən “Digital Bridge” tədbirində təmsil olunub
61,İnnovasiya və Rəqəmsal İnkişaf Agentliyinin rəhbər şəxsləri nüfuzlu beynəlxalq mükafata layiq görülüblər
62,Azərbaycan dünyanın aparıcı tədbiri “TechCrunch Disrupt”da təmsil olunub
63,Azərbaycan startapları Türkiyədə keçirilən “Teknofest”də iştirak edib
64,İsrailin bir sıra aparıcı şirkət nümayəndələri Azərbaycana səfər edib
65,Pakistanın İKT üzrə aparıcı şirkətlər qrupunun nümayəndə heyəti Azərbaycana səfər edib
66,“Azərbaycanda rəqəmsal hökumətin inkişafı” mövzusunda vörkşop keçirilib
67,"""Kağızsız Hökumət""-ə keçid çərçivəsində Milli Məlumat Mübadiləsi platformasının təkmilləşdirilməsi ilə bağlı yeni həll təqdim edilib."
68,Ödənişsiz internetə çıxışın üstünlükləri
69,Dünya Bankı tərəfindən Azərbaycanın rəqəmsal inkişaf strategiyası üçün modullardan ibarət ilkin sənəd hazırlandı
70,Azərbaycan Qazaxıstanda keçirilən “Digital Bridge” tədbirində təmsil olunub
71,İnnovasiya və Rəqəmsal İnkişaf Agentliyinin rəhbər şəxsləri nüfuzlu beynəlxalq mükafata layiq görülüblər
72,Azərbaycan dünyanın aparıcı tədbiri “TechCrunch Disrupt”da təmsil olunub
73,Azərbaycan startapları Türkiyədə keçirilən “Teknofest”də iştirak edib
74,İsrailin bir sıra aparıcı şirkət nümayəndələri Azərbaycana səfər edib
75,Pakistanın İKT üzrə aparıcı şirkətlər qrupunun nümayəndə heyəti Azərbaycana səfər edib
76,“Azərbaycanda rəqəmsal hökumətin inkişafı” mövzusunda vörkşop keçirilib
77,"""Kağızsız Hökumət""-ə keçid çərçivəsində Milli Məlumat Mübadiləsi platformasının təkmilləşdirilməsi ilə bağlı yeni həll təqdim edilib."
78,Ödənişsiz internetə çıxışın üstünlükləri
79,Dünya Bankı tərəfindən Azərbaycanın rəqəmsal inkişaf strategiyası üçün modullardan ibarət ilkin sənəd hazırlandı
80,Azərbaycan Qazaxıstanda keçirilən “Digital Bridge” tədbirində təmsil olunub
81,İnnovasiya və Rəqəmsal İnkişaf Agentliyinin rəhbər şəxsləri nüfuzlu beynəlxalq mükafata layiq görülüblər
82,Azərbaycan dünyanın aparıcı tədbiri “TechCrunch Disrupt”da təmsil olunub
83,Azərbaycan startapları Türkiyədə keçirilən “Teknofest”də iştirak edib
84,İsrailin bir sıra aparıcı şirkət nümayəndələri Azərbaycana səfər edib
85,Pakistanın İKT üzrə aparıcı şirkətlər qrupunun nümayəndə heyəti Azərbaycana səfər edib
86,“Azərbaycanda rəqəmsal hökumətin inkişafı” mövzusunda vörkşop keçirilib
87,"""Kağızsız Hökumət""-ə keçid çərçivəsində Milli Məlumat Mübadiləsi platformasının təkmilləşdirilməsi ilə bağlı yeni həll təqdim edilib."
88,Ödənişsiz internetə çıxışın üstünlükləri
89,Dünya Bankı tərəfindən Azərbaycanın rəqəmsal inkişaf strategiyası üçün modullardan ibarət ilkin sənəd hazırlandı
90,Azərbaycan Qazaxıstanda keçirilən “Digital Bridge” tədbirində təmsil olunub
91,İnnovasiya və Rəqəmsal İnkişaf Agentliyinin rəhbər şəxsləri nüfuzlu beynəlxalq mükafata layiq görülüblər
92,Azərbaycan dünyanın aparıcı tədbiri “TechCrunch Disrupt”da təmsil olunub
93,Azərbaycan startapları Türkiyədə keçirilən “Teknofest”də iştirak edib
94,İsrailin bir sıra aparıcı şirkət nümayəndələri Azərbaycana səfər edib
95,Pakistanın İKT üzrə aparıcı şirkətlər qrupunun nümayəndə heyəti Azərbaycana səfər edib
96,“Azərbaycanda rəqəmsal hökumətin inkişafı” mövzusunda vörkşop keçirilib
97,"""Kağızsız Hökumət""-ə keçid çərçivəsində Milli Məlumat Mübadiləsi platformasının təkmilləşdirilməsi ilə bağlı yeni həll təqdim edilib."
98,Ödənişsiz internetə çıxışın üstünlükləri
99,Dünya Bankı tərəfindən Azərbaycanın rəqəmsal inkişaf strategiyası üçün modullardan ibarət ilkin sənəd hazırlandı
100,Azərbaycan Qazaxıstanda keçirilən “Digital Bridge” tədbirində təmsil olunub
101,İnnovasiya və Rəqəmsal İnkişaf Agentliyinin rəhbər şəxsləri nüfuzlu beynəlxalq mükafata layiq görülüblər
102,Azərbaycan dünyanın aparıcı tədbiri “TechCrunch Disrupt”da təmsil olunub
103,Azərbaycan startapları Türkiyədə keçirilən “Teknofest”də iştirak edib
104,İsrailin bir sıra aparıcı şirkət nümayəndələri Azərbaycana səfər edib
105,Pakistanın İKT üzrə aparıcı şirkətlər qrupunun nümayəndə heyəti Azərbaycana səfər edib
106,“Azərbaycanda rəqəmsal hökumətin inkişafı” mövzusunda vörkşop keçirilib
107,"""Kağızsız Hökumət""-ə keçid çərçivəsində Milli Məlumat Mübadiləsi platformasının təkmilləşdirilməsi ilə bağlı yeni həll təqdim edilib."
108,Ödənişsiz internetə çıxışın üstünlükləri
109,Dünya Bankı tərəfindən Azərbaycanın rəqəmsal inkişaf strategiyası üçün modullardan ibarət ilkin sənəd hazırlandı
110,Azərbaycan Qazaxıstanda keçirilən “Digital Bridge” tədbirində təmsil olunub
111,İnnovasiya və Rəqəmsal İnkişaf Agentliyinin rəhbər şəxsləri nüfuzlu beynəlxalq mükafata layiq görülüblər
112,Azərbaycan dünyanın aparıcı tədbiri “TechCrunch Disrupt”da təmsil olunub
113,Azərbaycan startapları Türkiyədə keçirilən “Teknofest”də iştirak edib
114,İsrailin bir sıra aparıcı şirkət nümayəndələri Azərbaycana səfər edib
115,Pakistanın İKT üzrə aparıcı şirkətlər qrupunun nümayəndə heyəti Azərbaycana səfər edib
116,“Azərbaycanda rəqəmsal hökumətin inkişafı” mövzusunda vörkşop keçirilib
117,"""Kağızsız Hökumət""-ə keçid çərçivəsində Milli Məlumat Mübadiləsi platformasının təkmilləşdirilməsi ilə bağlı yeni həll təqdim edilib."
118,Ödənişsiz internetə çıxışın üstünlükləri
119,Dünya Bankı tərəfindən Azərbaycanın rəqəmsal inkişaf strategiyası üçün modullardan ibarət ilkin sənəd hazırlandı
120,Azərbaycan Qazaxıstanda keçirilən “Digital Bridge” tədbirində təmsil olunub
121,İnnovasiya və Rəqəmsal İnkişaf Agentliyinin rəhbər şəxsləri nüfuzlu beynəlxalq mükafata layiq görülüblər
122,Azərbaycan dünyanın aparıcı tədbiri “TechCrunch Disrupt”da təmsil olunub
123,Azərbaycan startapları Türkiyədə keçirilən “Teknofest”də iştirak edib
124,İsrailin bir sıra aparıcı şirkət nümayəndələri Azərbaycana səfər edib
125,Pakistanın İKT üzrə aparıcı şirkətlər qrupunun nümayəndə heyəti Azərbaycana səfər edib
126,“Azərbaycanda rəqəmsal hökumətin inkişafı” mövzusunda vörkşop keçirilib
127,"""Kağızsız Hökumət""-ə keçid çərçivəsində Milli Məlumat Mübadiləsi platformasının təkmilləşdirilməsi ilə bağlı yeni həll təqdim edilib."
128,Ödənişsiz internetə çıxışın üstünlükləri
129,Dünya Bankı tərəfindən Azərbaycanın rəqəmsal inkişaf strategiyası üçün modullardan ibarət ilkin sənəd hazırlandı
130,Azərbaycan Qazaxıstanda keçirilən “Digital Bridge” tədbirində təmsil olunub
131,İnnovasiya və Rəqəmsal İnkişaf Agentliyinin rəhbər şəxsləri nüfuzlu beynəlxalq mükafata layiq görülüblər
132,Azərbaycan dünyanın aparıcı tədbiri “TechCrunch Disrupt”da təmsil olunub
133,Azərbaycan startapları Türkiyədə keçirilən “Teknofest”də iştirak edib
134,İsrailin bir sıra aparıcı şirkət nümayəndələri Azərbaycana səfər edib
135,Pakistanın İKT üzrə aparıcı şirkətlər qrupunun nümayəndə heyəti Azərbaycana səfər edib
136,“Azərbaycanda rəqəmsal hökumətin inkişafı” mövzusunda vörkşop keçirilib
137,"""Kağızsız Hökumət""-ə keçid çərçivəsində Milli Məlumat Mübadiləsi platformasının təkmilləşdirilməsi ilə bağlı yeni həll təqdim edilib."
138,Ödənişsiz internetə çıxışın üstünlükləri
139,Dünya Bankı tərəfindən Azərbaycanın rəqəmsal inkişaf strategiyası üçün modullardan ibarət ilkin sənəd hazırlandı
140,Azərbaycan Qazaxıstanda keçirilən “Digital Bridge” tədbirində təmsil olunub
141,İnnovasiya və Rəqəmsal İnkişaf Agentliyinin rəhbər şəxsləri nüfuzlu beynəlxalq mükafata layiq görülüblər
142,Azərbaycan dünyanın aparıcı tədbiri “TechCrunch Disrupt”da təmsil olunub
143,Azərbaycan startapları Türkiyədə keçirilən “Teknofest”də iştirak edib
144,İsrailin bir sıra aparıcı şirkət nümayəndələri Azərbaycana səfər edib
145,Pakistanın İKT üzrə aparıcı şirkətlər qrupunun nümayəndə heyəti Azərbaycana səfər edib
146,“Azərbaycanda rəqəmsal hökumətin inkişafı” mövzusunda vörkşop keçirilib
147,"""Kağızsız Hökumət""-ə keçid çərçivəsində Milli Məlumat Mübadiləsi platformasının təkmilləşdirilməsi ilə bağlı yeni həll təqdim edilib."
148,Ödənişsiz internetə çıxışın üstünlükləri
149,Dünya Bankı tərəfindən Azərbaycanın rəqəmsal inkişaf strategiyası üçün modullardan ibarət ilkin sənəd hazırlandı
150,Azərbaycan Qazaxıstanda keçirilən “Digital Bridge” tədbirində təmsil olunub
151,İnnovasiya və Rəqəmsal İnkişaf Agentliyinin rəhbər şəxsləri nüfuzlu beynəlxalq mükafata layiq görülüblər
152,Azərbaycan dünyanın aparıcı tədbiri “TechCrunch Disrupt”da təmsil olunub
153,Azərbaycan startapları Türkiyədə keçirilən “Teknofest”də iştirak edib
154,İsrailin bir sıra aparıcı şirkət nümayəndələri Azərbaycana səfər edib
155,Pakistanın İKT üzrə aparıcı şirkətlər qrupunun nümayəndə heyəti Azərbaycana səfər edib
156,“Azərbaycanda rəqəmsal hökumətin inkişafı” mövzusunda vörkşop keçirilib
157,"""Kağızsız Hökumət""-ə keçid çərçivəsində Milli Məlumat Mübadiləsi platformasının təkmilləşdirilməsi ilə bağlı yeni həll təqdim edilib."
158,Ödənişsiz internetə çıxışın üstünlükləri
159,Dünya Bankı tərəfindən Azərbaycanın rəqəmsal inkişaf strategiyası üçün modullardan ibarət ilkin sənəd hazırlandı
160,Azərbaycan Qazaxıstanda keçirilən “Digital Bridge” tədbirində təmsil olunub
161,İnnovasiya və Rəqəmsal İnkişaf Agentliyinin rəhbər şəxsləri nüfuzlu beynəlxalq mükafata layiq görülüblər
162,Azərbaycan dünyanın aparıcı tədbiri “TechCrunch Disrupt”da təmsil olunub
163,Azərbaycan startapları Türkiyədə keçirilən “Teknofest”də iştirak edib
164,İsrailin bir sıra aparıcı şirkət nümayəndələri Azərbaycana səfər edib
165,Pakistanın İKT üzrə aparıcı şirkətlər qrupunun nümayəndə heyəti Azərbaycana səfər edib
166,“Azərbaycanda rəqəmsal hökumətin inkişafı” mövzusunda vörkşop keçirilib
167,"""Kağızsız Hökumət""-ə keçid çərçivəsində Milli Məlumat Mübadiləsi platformasının təkmilləşdirilməsi ilə bağlı yeni həll təqdim edilib."
168,Ödənişsiz internetə çıxışın üstünlükləri
169,Dünya Bankı tərəfindən Azərbaycanın rəqəmsal inkişaf strategiyası üçün modullardan ibarət ilkin sənəd hazırlandı
170,Azərbaycan Qazaxıstanda keçirilən “Digital Bridge” tədbirində təmsil olunub
171,İnnovasiya və Rəqəmsal İnkişaf Agentliyinin rəhbər şəxsləri nüfuzlu beynəlxalq mükafata layiq görülüblər
172,Azərbaycan dünyanın aparıcı tədbiri “TechCrunch Disrupt”da təmsil olunub
173,Azərbaycan startapları Türkiyədə keçirilən “Teknofest”də iştirak edib
174,İsrailin bir sıra aparıcı şirkət nümayəndələri Azərbaycana səfər edib
175,Pakistanın İKT üzrə aparıcı şirkətlər qrupunun nümayəndə heyəti Azərbaycana səfər edib
176,“Azərbaycanda rəqəmsal hökumətin inkişafı” mövzusunda vörkşop keçirilib
177,"""Kağızsız Hökumət""-ə keçid çərçivəsində Milli Məlumat Mübadiləsi platformasının təkmilləşdirilməsi ilə bağlı yeni həll təqdim edilib."
178,Ödənişsiz internetə çıxışın üstünlükləri
179,Dünya Bankı tərəfindən Azərbaycanın rəqəmsal inkişaf strategiyası üçün modullardan ibarət ilkin sənəd hazırlandı
180,Azərbaycan Qazaxıstanda keçirilən “Digital Bridge” tədbirində təmsil olunub
181,İnnovasiya və Rəqəmsal İnkişaf Agentliyinin rəhbər şəxsləri nüfuzlu beynəlxalq mükafata layiq görülüblər
182,Azərbaycan dünyanın aparıcı tədbiri “TechCrunch Disrupt”da təmsil olunub
183,Azərbaycan startapları Türkiyədə keçirilən “Teknofest”də iştirak edib
184,İsrailin bir sıra aparıcı şirkət nümayəndələri Azərbaycana səfər edib
185,Pakistanın İKT üzrə aparıcı şirkətlər qrupunun nümayəndə heyəti Azərbaycana səfər edib
186,“Azərbaycanda rəqəmsal hökumətin inkişafı” mövzusunda vörkşop keçirilib
187,"""Kağızsız Hökumət""-ə keçid çərçivəsində Milli Məlumat Mübadiləsi platformasının təkmilləşdirilməsi ilə bağlı yeni həll təqdim edilib."
188,Ödənişsiz internetə çıxışın üstünlükləri
189,Dünya Bankı tərəfindən Azərbaycanın rəqəmsal inkişaf strategiyası üçün modullardan ibarət ilkin sənəd hazırlandı
190,Azərbaycan Qazaxıstanda keçirilən “Digital Bridge” tədbirində təmsil olunub
191,İnnovasiya və Rəqəmsal İnkişaf Agentliyinin rəhbər şəxsləri nüfuzlu beynəlxalq mükafata layiq görülüblər
192,Azərbaycan dünyanın aparıcı tədbiri “TechCrunch Disrupt”da təmsil olunub
193,Azərbaycan startapları Türkiyədə keçirilən “Teknofest”də iştirak edib
194,İsrailin bir sıra aparıcı şirkət nümayəndələri Azərbaycana səfər edib
195,Pakistanın İKT üzrə aparıcı şirkətlər qrupunun nümayəndə heyəti Azərbaycana səfər edib
196,“Azərbaycanda rəqəmsal hökumətin inkişafı” mövzusunda vörkşop keçirilib
197,"""Kağızsız Hökumət""-ə keçid çərçivəsində Milli Məlumat Mübadiləsi platformasının təkmilləşdirilməsi ilə bağlı yeni həll təqdim edilib."
198,Ödənişsiz internetə çıxışın üstünlükləri
199,Dünya Bankı tərəfindən Azərbaycanın rəqəmsal inkişaf strategiyası üçün modullardan ibarət ilkin sənəd hazırlandı
200,Azərbaycan Qazaxıstanda keçirilən “Digital Bridge” tədbirində təmsil olunub
201,İnnovasiya və Rəqəmsal İnkişaf Agentliyinin rəhbər şəxsləri nüfuzlu beynəlxalq mükafata layiq görülüblər
202,Azərbaycan dünyanın aparıcı tədbiri “TechCrunch Disrupt”da təmsil olunub
203,Azərbaycan startapları Türkiyədə keçirilən “Teknofest”də iştirak edib
204,İsrailin bir sıra aparıcı şirkət nümayəndələri Azərbaycana səfər edib
205,Pakistanın İKT üzrə aparıcı şirkətlər qrupunun nümayəndə heyəti Azərbaycana səfər edib
206,“Azərbaycanda rəqəmsal hökumətin inkişafı” mövzusunda vörkşop keçirilib
207,"""Kağızsız Hökumət""-ə keçid çərçivəsində Milli Məlumat Mübadiləsi platformasının təkmilləşdirilməsi ilə bağlı yeni həll təqdim edilib."
208,Ödənişsiz internetə çıxışın üstünlükləri
209,Dünya Bankı tərəfindən Azərbaycanın rəqəmsal inkişaf strategiyası üçün modullardan ibarət ilkin sənəd hazırlandı
210,Azərbaycan Qazaxıstanda keçirilən “Digital Bridge” tədbirində təmsil olunub
211,İnnovasiya və Rəqəmsal İnkişaf Agentliyinin rəhbər şəxsləri nüfuzlu beynəlxalq mükafata layiq görülüblər
212,Azərbaycan dünyanın aparıcı tədbiri “TechCrunch Disrupt”da təmsil olunub
213,Azərbaycan startapları Türkiyədə keçirilən “Teknofest”də iştirak edib
214,İsrailin bir sıra aparıcı şirkət nümayəndələri Azərbaycana səfər edib
215,Pakistanın İKT üzrə aparıcı şirkətlər qrupunun nümayəndə heyəti Azərbaycana səfər edib
216,“Azərbaycanda rəqəmsal hökumətin inkişafı” mövzusunda vörkşop keçirilib
217,"""Kağızsız Hökumət""-ə keçid çərçivəsində Milli Məlumat Mübadiləsi platformasının təkmilləşdirilməsi ilə bağlı yeni həll təqdim edilib."
218,Ödənişsiz internetə çıxışın üstünlükləri
219,Dünya Bankı tərəfindən Azərbaycanın rəqəmsal inkişaf strategiyası üçün modullardan ibarət ilkin sənəd hazırlandı
220,Azərbaycan Qazaxıstanda keçirilən “Digital Bridge” tədbirində təmsil olunub
221,İnnovasiya və Rəqəmsal İnkişaf Agentliyinin rəhbər şəxsləri nüfuzlu beynəlxalq mükafata layiq görülüblər
222,Azərbaycan dünyanın aparıcı tədbiri “TechCrunch Disrupt”da təmsil olunub
223,Azərbaycan startapları Türkiyədə keçirilən “Teknofest”də iştirak edib
224,İsrailin bir sıra aparıcı şirkət nümayəndələri Azərbaycana səfər edib
225,Pakistanın İKT üzrə aparıcı şirkətlər qrupunun nümayəndə heyəti Azərbaycana səfər edib
226,“Azərbaycanda rəqəmsal hökumətin inkişafı” mövzusunda vörkşop keçirilib
227,"""Kağızsız Hökumət""-ə keçid çərçivəsində Milli Məlumat Mübadiləsi platformasının təkmilləşdirilməsi ilə bağlı yeni həll təqdim edilib."
228,Ödənişsiz internetə çıxışın üstünlükləri
229,Dünya Bankı tərəfindən Azərbaycanın rəqəmsal inkişaf strategiyası üçün modullardan ibarət ilkin sənəd hazırlandı
230,Azərbaycan Qazaxıstanda keçirilən “Digital Bridge” tədbirində təmsil olunub
231,İnnovasiya və Rəqəmsal İnkişaf Agentliyinin rəhbər şəxsləri nüfuzlu beynəlxalq mükafata layiq görülüblər
232,Azərbaycan dünyanın aparıcı tədbiri “TechCrunch Disrupt”da təmsil olunub
233,Azərbaycan startapları Türkiyədə keçirilən “Teknofest”də iştirak edib
234,İsrailin bir sıra aparıcı şirkət nümayəndələri Azərbaycana səfər edib
235,Pakistanın İKT üzrə aparıcı şirkətlər qrupunun nümayəndə heyəti Azərbaycana səfər edib
236,“Azərbaycanda rəqəmsal hökumətin inkişafı” mövzusunda vörkşop keçirilib
237,"""Kağızsız Hökumət""-ə keçid çərçivəsində Milli Məlumat Mübadiləsi platformasının təkmilləşdirilməsi ilə bağlı yeni həll təqdim edilib."
238,Ödənişsiz internetə çıxışın üstünlükləri
239,Dünya Bankı tərəfindən Azərbaycanın rəqəmsal inkişaf strategiyası üçün modullardan ibarət ilkin sənəd hazırlandı
240,Azərbaycan Qazaxıstanda keçirilən “Digital Bridge” tədbirində təmsil olunub
241,İnnovasiya və Rəqəmsal İnkişaf Agentliyinin rəhbər şəxsləri nüfuzlu beynəlxalq mükafata layiq görülüblər
242,Azərbaycan dünyanın aparıcı tədbiri “TechCrunch Disrupt”da təmsil olunub
243,Azərbaycan startapları Türkiyədə keçirilən “Teknofest”də iştirak edib
244,İsrailin bir sıra aparıcı şirkət nümayəndələri Azərbaycana səfər edib
245,Pakistanın İKT üzrə aparıcı şirkətlər qrupunun nümayəndə heyəti Azərbaycana səfər edib
246,“Azərbaycanda rəqəmsal hökumətin inkişafı” mövzusunda vörkşop keçirilib
247,"""Kağızsız Hökumət""-ə keçid çərçivəsində Milli Məlumat Mübadiləsi platformasının təkmilləşdirilməsi ilə bağlı yeni həll təqdim edilib."
248,Ödənişsiz internetə çıxışın üstünlükləri
249,Dünya Bankı tərəfindən Azərbaycanın rəqəmsal inkişaf strategiyası üçün modullardan ibarət ilkin sənəd hazırlandı
250,Azərbaycan Qazaxıstanda keçirilən “Digital Bridge” tədbirində təmsil olunub
251,İnnovasiya və Rəqəmsal İnkişaf Agentliyinin rəhbər şəxsləri nüfuzlu beynəlxalq mükafata layiq görülüblər
252,Azərbaycan dünyanın aparıcı tədbiri “TechCrunch Disrupt”da təmsil olunub
253,Azərbaycan startapları Türkiyədə keçirilən “Teknofest”də iştirak edib
254,İsrailin bir sıra aparıcı şirkət nümayəndələri Azərbaycana səfər edib
255,Pakistanın İKT üzrə aparıcı şirkətlər qrupunun nümayəndə heyəti Azərbaycana səfər edib
256,“Azərbaycanda rəqəmsal hökumətin inkişafı” mövzusunda vörkşop keçirilib
257,"""Kağızsız Hökumət""-ə keçid çərçivəsində Milli Məlumat Mübadiləsi platformasının təkmilləşdirilməsi ilə bağlı yeni həll təqdim edilib."
258,Ödənişsiz internetə çıxışın üstünlükləri
259,Dünya Bankı tərəfindən Azərbaycanın rəqəmsal inkişaf strategiyası üçün modullardan ibarət ilkin sənəd hazırlandı
260,Azərbaycan Qazaxıstanda keçirilən “Digital Bridge” tədbirində təmsil olunub
261,İnnovasiya və Rəqəmsal İnkişaf Agentliyinin rəhbər şəxsləri nüfuzlu beynəlxalq mükafata layiq görülüblər
262,Azərbaycan dünyanın aparıcı tədbiri “TechCrunch Disrupt”da təmsil olunub
263,Azərbaycan startapları Türkiyədə keçirilən “Teknofest”də iştirak edib
264,İsrailin bir sıra aparıcı şirkət nümayəndələri Azərbaycana səfər edib
265,Pakistanın İKT üzrə aparıcı şirkətlər qrupunun nümayəndə heyəti Azərbaycana səfər edib
266,“Azərbaycanda rəqəmsal hökumətin inkişafı” mövzusunda vörkşop keçirilib
267,"""Kağızsız Hökumət""-ə keçid çərçivəsində Milli Məlumat Mübadiləsi platformasının təkmilləşdirilməsi ilə bağlı yeni həll təqdim edilib."
268,Ödənişsiz internetə çıxışın üstünlükləri
269,Dünya Bankı tərəfindən Azərbaycanın rəqəmsal inkişaf strategiyası üçün modullardan ibarət ilkin sənəd hazırlandı
270,Azərbaycan Qazaxıstanda keçirilən “Digital Bridge” tədbirində təmsil olunub
271,İnnovasiya və Rəqəmsal İnkişaf Agentliyinin rəhbər şəxsləri nüfuzlu beynəlxalq mükafata layiq görülüblər
272,Azərbaycan dünyanın aparıcı tədbiri “TechCrunch Disrupt”da təmsil olunub
273,Azərbaycan startapları Türkiyədə keçirilən “Teknofest”də iştirak edib
274,İsrailin bir sıra aparıcı şirkət nümayəndələri Azərbaycana səfər edib
275,Pakistanın İKT üzrə aparıcı şirkətlər qrupunun nümayəndə heyəti Azərbaycana səfər edib
276,“Azərbaycanda rəqəmsal hökumətin inkişafı” mövzusunda vörkşop keçirilib
277,"""Kağızsız Hökumət""-ə keçid çərçivəsində Milli Məlumat Mübadiləsi platformasının təkmilləşdirilməsi ilə bağlı yeni həll təqdim edilib."
278,Ödənişsiz internetə çıxışın üstünlükləri
279,Dünya Bankı tərəfindən Azərbaycanın rəqəmsal inkişaf strategiyası üçün modullardan ibarət ilkin sənəd hazırlandı
280,Azərbaycan Qazaxıstanda keçirilən “Digital Bridge” tədbirində təmsil olunub
281,İnnovasiya və Rəqəmsal İnkişaf Agentliyinin rəhbər şəxsləri nüfuzlu beynəlxalq mükafata layiq görülüblər
282,Azərbaycan dünyanın aparıcı tədbiri “TechCrunch Disrupt”da təmsil olunub
283,Azərbaycan startapları Türkiyədə keçirilən “Teknofest”də iştirak edib
284,İsrailin bir sıra aparıcı şirkət nümayəndələri Azərbaycana səfər edib
285,Pakistanın İKT üzrə aparıcı şirkətlər qrupunun nümayəndə heyəti Azərbaycana səfər edib
286,“Azərbaycanda rəqəmsal hökumətin inkişafı” mövzusunda vörkşop keçirilib
287,"""Kağızsız Hökumət""-ə keçid çərçivəsində Milli Məlumat Mübadiləsi platformasının təkmilləşdirilməsi ilə bağlı yeni həll təqdim edilib."
288,Ödənişsiz internetə çıxışın üstünlükləri
289,Dünya Bankı tərəfindən Azərbaycanın rəqəmsal inkişaf strategiyası üçün modullardan ibarət ilkin sənəd hazırlandı
290,Azərbaycan Qazaxıstanda keçirilən “Digital Bridge” tədbirində təmsil olunub
291,İnnovasiya və Rəqəmsal İnkişaf Agentliyinin rəhbər şəxsləri nüfuzlu beynəlxalq mükafata layiq görülüblər
292,Azərbaycan dünyanın aparıcı tədbiri “TechCrunch Disrupt”da təmsil olunub
293,Azərbaycan startapları Türkiyədə keçirilən “Teknofest”də iştirak edib
294,İsrailin bir sıra aparıcı şirkət nümayəndələri Azərbaycana səfər edib
295,Pakistanın İKT üzrə aparıcı şirkətlər qrupunun nümayəndə heyəti Azərbaycana səfər edib
296,“Azərbaycanda rəqəmsal hökumətin inkişafı” mövzusunda vörkşop keçirilib
297,"""Kağızsız Hökumət""-ə keçid çərçivəsində Milli Məlumat Mübadiləsi platformasının təkmilləşdirilməsi ilə bağlı yeni həll təqdim edilib."
298,Ödənişsiz internetə çıxışın üstünlükləri
299,Dünya Bankı tərəfindən Azərbaycanın rəqəmsal inkişaf strategiyası üçün modullardan ibarət ilkin sənəd hazırlandı
300,Azərbaycan Qazaxıstanda keçirilən “Digital Bridge” tədbirində təmsil olunub
301,İnnovasiya və Rəqəmsal İnkişaf Agentliyinin rəhbər şəxsləri nüfuzlu beynəlxalq mükafata layiq görülüblər
302,Azərbaycan dünyanın aparıcı tədbiri “TechCrunch Disrupt”da təmsil olunub
303,Azərbaycan startapları Türkiyədə keçirilən “Teknofest”də iştirak edib
304,İsrailin bir sıra aparıcı şirkət nümayəndələri Azərbaycana səfər edib
305,Pakistanın İKT üzrə aparıcı şirkətlər qrupunun nümayəndə heyəti Azərbaycana səfər edib
306,“Azərbaycanda rəqəmsal hökumətin inkişafı” mövzusunda vörkşop keçirilib
307,"""Kağızsız Hökumət""-ə keçid çərçivəsində Milli Məlumat Mübadiləsi platformasının təkmilləşdirilməsi ilə bağlı yeni həll təqdim edilib."
308,Ödənişsiz internetə çıxışın üstünlükləri
309,Dünya Bankı tərəfindən Azərbaycanın rəqəmsal inkişaf strategiyası üçün modullardan ibarət ilkin sənəd hazırlandı
310,Azərbaycan Qazaxıstanda keçirilən “Digital Bridge” tədbirində təmsil olunub
311,İnnovasiya və Rəqəmsal İnkişaf Agentliyinin rəhbər şəxsləri nüfuzlu beynəlxalq mükafata layiq görülüblər
312,Azərbaycan dünyanın aparıcı tədbiri “TechCrunch Disrupt”da təmsil olunub
313,Azərbaycan startapları Türkiyədə keçirilən “Teknofest”də iştirak edib
314,İsrailin bir sıra aparıcı şirkət nümayəndələri Azərbaycana səfər edib
315,Pakistanın İKT üzrə aparıcı şirkətlər qrupunun nümayəndə heyəti Azərbaycana səfər edib
316,“Azərbaycanda rəqəmsal hökumətin inkişafı” mövzusunda vörkşop keçirilib
317,"""Kağızsız Hökumət""-ə keçid çərçivəsində Milli Məlumat Mübadiləsi platformasının təkmilləşdirilməsi ilə bağlı yeni həll təqdim edilib."
318,Ödənişsiz internetə çıxışın üstünlükləri
319,Dünya Bankı tərəfindən Azərbaycanın rəqəmsal inkişaf strategiyası üçün modullardan ibarət ilkin sənəd hazırlandı
320,Azərbaycan Qazaxıstanda keçirilən “Digital Bridge” tədbirində təmsil olunub
321,İnnovasiya və Rəqəmsal İnkişaf Agentliyinin rəhbər şəxsləri nüfuzlu beynəlxalq mükafata layiq görülüblər
322,Azərbaycan dünyanın aparıcı tədbiri “TechCrunch Disrupt”da təmsil olunub
323,Azərbaycan startapları Türkiyədə keçirilən “Teknofest”də iştirak edib
324,İsrailin bir sıra aparıcı şirkət nümayəndələri Azərbaycana səfər edib
325,Pakistanın İKT üzrə aparıcı şirkətlər qrupunun nümayəndə heyəti Azərbaycana səfər edib
326,“Azərbaycanda rəqəmsal hökumətin inkişafı” mövzusunda vörkşop keçirilib
327,"""Kağızsız Hökumət""-ə keçid çərçivəsində Milli Məlumat Mübadiləsi platformasının təkmilləşdirilməsi ilə bağlı yeni həll təqdim edilib."
328,Ödənişsiz internetə çıxışın üstünlükləri
329,Dünya Bankı tərəfindən Azərbaycanın rəqəmsal inkişaf strategiyası üçün modullardan ibarət ilkin sənəd hazırlandı
330,Azərbaycan Qazaxıstanda keçirilən “Digital Bridge” tədbirində təmsil olunub
331,İnnovasiya və Rəqəmsal İnkişaf Agentliyinin rəhbər şəxsləri nüfuzlu beynəlxalq mükafata layiq görülüblər
332,Azərbaycan dünyanın aparıcı tədbiri “TechCrunch Disrupt”da təmsil olunub
333,Azərbaycan startapları Türkiyədə keçirilən “Teknofest”də iştirak edib
334,İsrailin bir sıra aparıcı şirkət nümayəndələri Azərbaycana səfər edib
335,Pakistanın İKT üzrə aparıcı şirkətlər qrupunun nümayəndə heyəti Azərbaycana səfər edib
336,“Azərbaycanda rəqəmsal hökumətin inkişafı” mövzusunda vörkşop keçirilib
337,"""Kağızsız Hökumət""-ə keçid çərçivəsində Milli Məlumat Mübadiləsi platformasının təkmilləşdirilməsi ilə bağlı yeni həll təqdim edilib."
338,Ödənişsiz internetə çıxışın üstünlükləri
339,Dünya Bankı tərəfindən Azərbaycanın rəqəmsal inkişaf strategiyası üçün modullardan ibarət ilkin sənəd hazırlandı
340,Azərbaycan Qazaxıstanda keçirilən “Digital Bridge” tədbirində təmsil olunub
341,İnnovasiya və Rəqəmsal İnkişaf Agentliyinin rəhbər şəxsləri nüfuzlu beynəlxalq mükafata layiq görülüblər
342,Azərbaycan dünyanın aparıcı tədbiri “TechCrunch Disrupt”da təmsil olunub
343,Azərbaycan startapları Türkiyədə keçirilən “Teknofest”də iştirak edib
344,İsrailin bir sıra aparıcı şirkət nümayəndələri Azərbaycana səfər edib
345,Pakistanın İKT üzrə aparıcı şirkətlər qrupunun nümayəndə heyəti Azərbaycana səfər edib
346,“Azərbaycanda rəqəmsal hökumətin inkişafı” mövzusunda vörkşop keçirilib
347,"""Kağızsız Hökumət""-ə keçid çərçivəsində Milli Məlumat Mübadiləsi platformasının təkmilləşdirilməsi ilə bağlı yeni həll təqdim edilib."
348,Ödənişsiz internetə çıxışın üstünlükləri
349,Dünya Bankı tərəfindən Azərbaycanın rəqəmsal inkişaf strategiyası üçün modullardan ibarət ilkin sənəd hazırlandı
350,Azərbaycan Qazaxıstanda keçirilən “Digital Bridge” tədbirində təmsil olunub
351,İnnovasiya və Rəqəmsal İnkişaf Agentliyinin rəhbər şəxsləri nüfuzlu beynəlxalq mükafata layiq görülüblər
352,Azərbaycan dünyanın aparıcı tədbiri “TechCrunch Disrupt”da təmsil olunub
353,Azərbaycan startapları Türkiyədə keçirilən “Teknofest”də iştirak edib
354,İsrailin bir sıra aparıcı şirkət nümayəndələri Azərbaycana səfər edib
355,Pakistanın İKT üzrə aparıcı şirkətlər qrupunun nümayəndə heyəti Azərbaycana səfər edib
356,“Azərbaycanda rəqəmsal hökumətin inkişafı” mövzusunda vörkşop keçirilib
357,"""Kağızsız Hökumət""-ə keçid çərçivəsində Milli Məlumat Mübadiləsi platformasının təkmilləşdirilməsi ilə bağlı yeni həll təqdim edilib."
358,Ödənişsiz internetə çıxışın üstünlükləri
359,Dünya Bankı tərəfindən Azərbaycanın rəqəmsal inkişaf strategiyası üçün modullardan ibarət ilkin sənəd hazırlandı
360,Azərbaycan Qazaxıstanda keçirilən “Digital Bridge” tədbirində təmsil olunub
361,İnnovasiya və Rəqəmsal İnkişaf Agentliyinin rəhbər şəxsləri nüfuzlu beynəlxalq mükafata layiq görülüblər
362,Azərbaycan dünyanın aparıcı tədbiri “TechCrunch Disrupt”da təmsil olunub
363,Azərbaycan startapları Türkiyədə keçirilən “Teknofest”də iştirak edib
364,İsrailin bir sıra aparıcı şirkət nümayəndələri Azərbaycana səfər edib
365,Pakistanın İKT üzrə aparıcı şirkətlər qrupunun nümayəndə heyəti Azərbaycana səfər edib
366,“Azərbaycanda rəqəmsal hökumətin inkişafı” mövzusunda vörkşop keçirilib
367,"""Kağızsız Hökumət""-ə keçid çərçivəsində Milli Məlumat Mübadiləsi platformasının təkmilləşdirilməsi ilə bağlı yeni həll təqdim edilib."
368,Ödənişsiz internetə çıxışın üstünlükləri
369,Dünya Bankı tərəfindən Azərbaycanın rəqəmsal inkişaf strategiyası üçün modullardan ibarət ilkin sənəd hazırlandı
370,Azərbaycan Qazaxıstanda keçirilən “Digital Bridge” tədbirində təmsil olunub
371,İnnovasiya və Rəqəmsal İnkişaf Agentliyinin rəhbər şəxsləri nüfuzlu beynəlxalq mükafata layiq görülüblər
372,Azərbaycan dünyanın aparıcı tədbiri “TechCrunch Disrupt”da təmsil olunub
373,Azərbaycan startapları Türkiyədə keçirilən “Teknofest”də iştirak edib
374,İsrailin bir sıra aparıcı şirkət nümayəndələri Azərbaycana səfər edib
375,Pakistanın İKT üzrə aparıcı şirkətlər qrupunun nümayəndə heyəti Azərbaycana səfər edib
376,“Azərbaycanda rəqəmsal hökumətin inkişafı” mövzusunda vörkşop keçirilib
377,"""Kağızsız Hökumət""-ə keçid çərçivəsində Milli Məlumat Mübadiləsi platformasının təkmilləşdirilməsi ilə bağlı yeni həll təqdim edilib."
378,Ödənişsiz internetə çıxışın üstünlükləri
379,Dünya Bankı tərəfindən Azərbaycanın rəqəmsal inkişaf strategiyası üçün modullardan ibarət ilkin sənəd hazırlandı
380,Azərbaycan Qazaxıstanda keçirilən “Digital Bridge” tədbirində təmsil olunub
381,İnnovasiya və Rəqəmsal İnkişaf Agentliyinin rəhbər şəxsləri nüfuzlu beynəlxalq mükafata layiq görülüblər
382,Azərbaycan dünyanın aparıcı tədbiri “TechCrunch Disrupt”da təmsil olunub
383,Azərbaycan startapları Türkiyədə keçirilən “Teknofest”də iştirak edib
384,İsrailin bir sıra aparıcı şirkət nümayəndələri Azərbaycana səfər edib
385,Pakistanın İKT üzrə aparıcı şirkətlər qrupunun nümayəndə heyəti Azərbaycana səfər edib
386,“Azərbaycanda rəqəmsal hökumətin inkişafı” mövzusunda vörkşop keçirilib
387,"""Kağızsız Hökumət""-ə keçid çərçivəsində Milli Məlumat Mübadiləsi platformasının təkmilləşdirilməsi ilə bağlı yeni həll təqdim edilib."
388,Ödənişsiz internetə çıxışın üstünlükləri
389,Dünya Bankı tərəfindən Azərbaycanın rəqəmsal inkişaf strategiyası üçün modullardan ibarət ilkin sənəd hazırlandı
390,Azərbaycan Qazaxıstanda keçirilən “Digital Bridge” tədbirində təmsil olunub
391,İnnovasiya və Rəqəmsal İnkişaf Agentliyinin rəhbər şəxsləri nüfuzlu beynəlxalq mükafata layiq görülüblər
392,Azərbaycan dünyanın aparıcı tədbiri “TechCrunch Disrupt”da təmsil olunub
393,Azərbaycan startapları Türkiyədə keçirilən “Teknofest”də iştirak edib
394,İsrailin bir sıra aparıcı şirkət nümayəndələri Azərbaycana səfər edib
395,Pakistanın İKT üzrə aparıcı şirkətlər qrupunun nümayəndə heyəti Azərbaycana səfər edib
396,“Azərbaycanda rəqəmsal hökumətin inkişafı” mövzusunda vörkşop keçirilib
397,"""Kağızsız Hökumət""-ə keçid çərçivəsində Milli Məlumat Mübadiləsi platformasının təkmilləşdirilməsi ilə bağlı yeni həll təqdim edilib."
398,Ödənişsiz internetə çıxışın üstünlükləri
399,Dünya Bankı tərəfindən Azərbaycanın rəqəmsal inkişaf strategiyası üçün modullardan ibarət ilkin sənəd hazırlandı
400,Azərbaycan Qazaxıstanda keçirilən “Digital Bridge” tədbirində təmsil olunub
401,İnnovasiya və Rəqəmsal İnkişaf Agentliyinin rəhbər şəxsləri nüfuzlu beynəlxalq mükafata layiq görülüblər
402,Azərbaycan dünyanın aparıcı tədbiri “TechCrunch Disrupt”da təmsil olunub
403,Azərbaycan startapları Türkiyədə keçirilən “Teknofest”də iştirak edib
404,İsrailin bir sıra aparıcı şirkət nümayəndələri Azərbaycana səfər edib
405,Pakistanın İKT üzrə aparıcı şirkətlər qrupunun nümayəndə heyəti Azərbaycana səfər edib
406,“Azərbaycanda rəqəmsal hökumətin inkişafı” mövzusunda vörkşop keçirilib
407,"""Kağızsız Hökumət""-ə keçid çərçivəsində Milli Məlumat Mübadiləsi platformasının təkmilləşdirilməsi ilə bağlı yeni həll təqdim edilib."
408,Ödənişsiz internetə çıxışın üstünlükləri
409,Dünya Bankı tərəfindən Azərbaycanın rəqəmsal inkişaf strategiyası üçün modullardan ibarət ilkin sənəd hazırlandı
410,Azərbaycan Qazaxıstanda keçirilən “Digital Bridge” tədbirində təmsil olunub
411,İnnovasiya və Rəqəmsal İnkişaf Agentliyinin rəhbər şəxsləri nüfuzlu beynəlxalq mükafata layiq görülüblər
412,Azərbaycan dünyanın aparıcı tədbiri “TechCrunch Disrupt”da təmsil olunub
413,Azərbaycan startapları Türkiyədə keçirilən “Teknofest”də iştirak edib
414,İsrailin bir sıra aparıcı şirkət nümayəndələri Azərbaycana səfər edib
415,Pakistanın İKT üzrə aparıcı şirkətlər qrupunun nümayəndə heyəti Azərbaycana səfər edib
416,“Azərbaycanda rəqəmsal hökumətin inkişafı” mövzusunda vörkşop keçirilib
417,"""Kağızsız Hökumət""-ə keçid çərçivəsində Milli Məlumat Mübadiləsi platformasının təkmilləşdirilməsi ilə bağlı yeni həll təqdim edilib."
418,Ödənişsiz internetə çıxışın üstünlükləri
419,Dünya Bankı tərəfindən Azərbaycanın rəqəmsal inkişaf strategiyası üçün modullardan ibarət ilkin sənəd hazırlandı
420,Azərbaycan Qazaxıstanda keçirilən “Digital Bridge” tədbirində təmsil olunub
421,İnnovasiya və Rəqəmsal İnkişaf Agentliyinin rəhbər şəxsləri nüfuzlu beynəlxalq mükafata layiq görülüblər
422,Azərbaycan dünyanın aparıcı tədbiri “TechCrunch Disrupt”da təmsil olunub
423,Azərbaycan startapları Türkiyədə keçirilən “Teknofest”də iştirak edib
424,İsrailin bir sıra aparıcı şirkət nümayəndələri Azərbaycana səfər edib
425,Pakistanın İKT üzrə aparıcı şirkətlər qrupunun nümayəndə heyəti Azərbaycana səfər edib
426,“Azərbaycanda rəqəmsal hökumətin inkişafı” mövzusunda vörkşop keçirilib
427,"""Kağızsız Hökumət""-ə keçid çərçivəsində Milli Məlumat Mübadiləsi platformasının təkmilləşdirilməsi ilə bağlı yeni həll təqdim edilib."
428,Ödənişsiz internetə çıxışın üstünlükləri
429,Dünya Bankı tərəfindən Azərbaycanın rəqəmsal inkişaf strategiyası üçün modullardan ibarət ilkin sənəd hazırlandı
430,Azərbaycan Qazaxıstanda keçirilən “Digital Bridge” tədbirində təmsil olunub
431,İnnovasiya və Rəqəmsal İnkişaf Agentliyinin rəhbər şəxsləri nüfuzlu beynəlxalq mükafata layiq görülüblər
432,Azərbaycan dünyanın aparıcı tədbiri “TechCrunch Disrupt”da təmsil olunub
433,Azərbaycan startapları Türkiyədə keçirilən “Teknofest”də iştirak edib
434,İsrailin bir sıra aparıcı şirkət nümayəndələri Azərbaycana səfər edib
435,Pakistanın İKT üzrə aparıcı şirkətlər qrupunun nümayəndə heyəti Azərbaycana səfər edib
436,“Azərbaycanda rəqəmsal hökumətin inkişafı” mövzusunda vörkşop keçirilib
437,"""Kağızsız Hökumət""-ə keçid çərçivəsində Milli Məlumat Mübadiləsi platformasının təkmilləşdirilməsi ilə bağlı yeni həll təqdim edilib."
438,Ödənişsiz internetə çıxışın üstünlükləri
439,Dünya Bankı tərəfindən Azərbaycanın rəqəmsal inkişaf strategiyası üçün modullardan ibarət ilkin sənəd hazırlandı
440,Azərbaycan Qazaxıstanda keçirilən “Digital Bridge” tədbirində təmsil olunub
441,İnnovasiya və Rəqəmsal İnkişaf Agentliyinin rəhbər şəxsləri nüfuzlu beynəlxalq mükafata layiq görülüblər
442,Azərbaycan dünyanın aparıcı tədbiri “TechCrunch Disrupt”da təmsil olunub
443,Azərbaycan startapları Türkiyədə keçirilən “Teknofest”də iştirak edib
444,İsrailin bir sıra aparıcı şirkət nümayəndələri Azərbaycana səfər edib
445,Pakistanın İKT üzrə aparıcı şirkətlər qrupunun nümayəndə heyəti Azərbaycana səfər edib
446,“Azərbaycanda rəqəmsal hökumətin inkişafı” mövzusunda vörkşop keçirilib
447,"""Kağızsız Hökumət""-ə keçid çərçivəsində Milli Məlumat Mübadiləsi platformasının təkmilləşdirilməsi ilə bağlı yeni həll təqdim edilib."
448,Ödənişsiz internetə çıxışın üstünlükləri
449,Dünya Bankı tərəfindən Azərbaycanın rəqəmsal inkişaf strategiyası üçün modullardan ibarət ilkin sənəd hazırlandı
450,Azərbaycan Qazaxıstanda keçirilən “Digital Bridge” tədbirində təmsil olunub
451,İnnovasiya və Rəqəmsal İnkişaf Agentliyinin rəhbər şəxsləri nüfuzlu beynəlxalq mükafata layiq görülüblər
452,Azərbaycan dünyanın aparıcı tədbiri “TechCrunch Disrupt”da təmsil olunub
453,Azərbaycan startapları Türkiyədə keçirilən “Teknofest”də iştirak edib
454,İsrailin bir sıra aparıcı şirkət nümayəndələri Azərbaycana səfər edib
455,Pakistanın İKT üzrə aparıcı şirkətlər qrupunun nümayəndə heyəti Azərbaycana səfər edib
456,“Azərbaycanda rəqəmsal hökumətin inkişafı” mövzusunda vörkşop keçirilib
457,"""Kağızsız Hökumət""-ə keçid çərçivəsində Milli Məlumat Mübadiləsi platformasının təkmilləşdirilməsi ilə bağlı yeni həll təqdim edilib."
458,Ödənişsiz internetə çıxışın üstünlükləri
459,Dünya Bankı tərəfindən Azərbaycanın rəqəmsal inkişaf strategiyası üçün modullardan ibarət ilkin sənəd hazırlandı
460,Azərbaycan Qazaxıstanda keçirilən “Digital Bridge” tədbirində təmsil olunub
461,İnnovasiya və Rəqəmsal İnkişaf Agentliyinin rəhbər şəxsləri nüfuzlu beynəlxalq mükafata layiq görülüblər
462,Azərbaycan dünyanın aparıcı tədbiri “TechCrunch Disrupt”da təmsil olunub
463,Azərbaycan startapları Türkiyədə keçirilən “Teknofest”də iştirak edib
464,İsrailin bir sıra aparıcı şirkət nümayəndələri Azərbaycana səfər edib
465,Pakistanın İKT üzrə aparıcı şirkətlər qrupunun nümayəndə heyəti Azərbaycana səfər edib
466,“Azərbaycanda rəqəmsal hökumətin inkişafı” mövzusunda vörkşop keçirilib
467,"""Kağızsız Hökumət""-ə keçid çərçivəsində Milli Məlumat Mübadiləsi platformasının təkmilləşdirilməsi ilə bağlı yeni həll təqdim edilib."
468,Ödənişsiz internetə çıxışın üstünlükləri
469,Dünya Bankı tərəfindən Azərbaycanın rəqəmsal inkişaf strategiyası üçün modullardan ibarət ilkin sənəd hazırlandı
470,Azərbaycan Qazaxıstanda keçirilən “Digital Bridge” tədbirində təmsil olunub
471,İnnovasiya və Rəqəmsal İnkişaf Agentliyinin rəhbər şəxsləri nüfuzlu beynəlxalq mükafata layiq görülüblər
472,Azərbaycan dünyanın aparıcı tədbiri “TechCrunch Disrupt”da təmsil olunub
473,Azərbaycan startapları Türkiyədə keçirilən “Teknofest”də iştirak edib
474,İsrailin bir sıra aparıcı şirkət nümayəndələri Azərbaycana səfər edib
475,Pakistanın İKT üzrə aparıcı şirkətlər qrupunun nümayəndə heyəti Azərbaycana səfər edib
476,“Azərbaycanda rəqəmsal hökumətin inkişafı” mövzusunda vörkşop keçirilib
477,"""Kağızsız Hökumət""-ə keçid çərçivəsində Milli Məlumat Mübadiləsi platformasının təkmilləşdirilməsi ilə bağlı yeni həll təqdim edilib."
478,Ödənişsiz internetə çıxışın üstünlükləri
479,Dünya Bankı tərəfindən Azərbaycanın rəqəmsal inkişaf strategiyası üçün modullardan ibarət ilkin sənəd hazırlandı
480,Azərbaycan Qazaxıstanda keçirilən “Digital Bridge” tədbirində təmsil olunub
481,İnnovasiya və Rəqəmsal İnkişaf Agentliyinin rəhbər şəxsləri nüfuzlu beynəlxalq mükafata layiq görülüblər
482,Azərbaycan dünyanın aparıcı tədbiri “TechCrunch Disrupt”da təmsil olunub
483,Azərbaycan startapları Türkiyədə keçirilən “Teknofest”də iştirak edib
484,İsrailin bir sıra aparıcı şirkət nümayəndələri Azərbaycana səfər edib
485,Pakistanın İKT üzrə aparıcı şirkətlər qrupunun nümayəndə heyəti Azərbaycana səfər edib
486,“Azərbaycanda rəqəmsal hökumətin inkişafı” mövzusunda vörkşop keçirilib
487,"""Kağızsız Hökumət""-ə keçid çərçivəsində Milli Məlumat Mübadiləsi platformasının təkmilləşdirilməsi ilə bağlı yeni həll təqdim edilib."
488,Ödənişsiz internetə çıxışın üstünlükləri
489,Dünya Bankı tərəfindən Azərbaycanın rəqəmsal inkişaf strategiyası üçün modullardan ibarət ilkin sənəd hazırlandı
490,Azərbaycan Qazaxıstanda keçirilən “Digital Bridge” tədbirində təmsil olunub
491,İnnovasiya və Rəqəmsal İnkişaf Agentliyinin rəhbər şəxsləri nüfuzlu beynəlxalq mükafata layiq görülüblər
492,Azərbaycan dünyanın aparıcı tədbiri “TechCrunch Disrupt”da təmsil olunub
493,Azərbaycan startapları Türkiyədə keçirilən “Teknofest”də iştirak edib
494,İsrailin bir sıra aparıcı şirkət nümayəndələri Azərbaycana səfər edib
495,Pakistanın İKT üzrə aparıcı şirkətlər qrupunun nümayəndə heyəti Azərbaycana səfər edib
496,“Azərbaycanda rəqəmsal hökumətin inkişafı” mövzusunda vörkşop keçirilib
497,"""Kağızsız Hökumət""-ə keçid çərçivəsində Milli Məlumat Mübadiləsi platformasının təkmilləşdirilməsi ilə bağlı yeni həll təqdim edilib."
498,Ödənişsiz internetə çıxışın üstünlükləri
499,Dünya Bankı tərəfindən Azərbaycanın rəqəmsal inkişaf strategiyası üçün modullardan ibarət ilkin sənəd hazırlandı
500,Azərbaycan Qazaxıstanda keçirilən “Digital Bridge” tədbirində təmsil olunub
501,İnnovasiya və Rəqəmsal İnkişaf Agentliyinin rəhbər şəxsləri nüfuzlu beynəlxalq mükafata layiq görülüblər
502,Azərbaycan dünyanın aparıcı tədbiri “TechCrunch Disrupt”da təmsil olunub
503,Azərbaycan startapları Türkiyədə keçirilən “Teknofest”də iştirak edib
504,İsrailin bir sıra aparıcı şirkət nümayəndələri Azərbaycana səfər edib
505,Pakistanın İKT üzrə aparıcı şirkətlər qrupunun nümayəndə heyəti Azərbaycana səfər edib
506,“Azərbaycanda rəqəmsal hökumətin inkişafı” mövzusunda vörkşop keçirilib
507,"""Kağızsız Hökumət""-ə keçid çərçivəsində Milli Məlumat Mübadiləsi platformasının təkmilləşdirilməsi ilə bağlı yeni həll təqdim edilib."
508,Ödənişsiz internetə çıxışın üstünlükləri
509,Dünya Bankı tərəfindən Azərbaycanın rəqəmsal inkişaf strategiyası üçün modullardan ibarət ilkin sənəd hazırlandı
510,Azərbaycan Qazaxıstanda keçirilən “Digital Bridge” tədbirində təmsil olunub
511,İnnovasiya və Rəqəmsal İnkişaf Agentliyinin rəhbər şəxsləri nüfuzlu beynəlxalq mükafata layiq görülüblər
512,Azərbaycan dünyanın aparıcı tədbiri “TechCrunch Disrupt”da təmsil olunub
513,Azərbaycan startapları Türkiyədə keçirilən “Teknofest”də iştirak edib
514,İsrailin bir sıra aparıcı şirkət nümayəndələri Azərbaycana səfər edib
515,Pakistanın İKT üzrə aparıcı şirkətlər qrupunun nümayəndə heyəti Azərbaycana səfər edib
516,“Azərbaycanda rəqəmsal hökumətin inkişafı” mövzusunda vörkşop keçirilib
517,"""Kağızsız Hökumət""-ə keçid çərçivəsində Milli Məlumat Mübadiləsi platformasının təkmilləşdirilməsi ilə bağlı yeni həll təqdim edilib."
518,Ödənişsiz internetə çıxışın üstünlükləri
519,Dünya Bankı tərəfindən Azərbaycanın rəqəmsal inkişaf strategiyası üçün modullardan ibarət ilkin sənəd hazırlandı
520,Azərbaycan Qazaxıstanda keçirilən “Digital Bridge” tədbirində təmsil olunub
521,İnnovasiya və Rəqəmsal İnkişaf Agentliyinin rəhbər şəxsləri nüfuzlu beynəlxalq mükafata layiq görülüblər
522,Azərbaycan dünyanın aparıcı tədbiri “TechCrunch Disrupt”da təmsil olunub
523,Azərbaycan startapları Türkiyədə keçirilən “Teknofest”də iştirak edib
524,İsrailin bir sıra aparıcı şirkət nümayəndələri Azərbaycana səfər edib
525,Pakistanın İKT üzrə aparıcı şirkətlər qrupunun nümayəndə heyəti Azərbaycana səfər edib
526,“Azərbaycanda rəqəmsal hökumətin inkişafı” mövzusunda vörkşop keçirilib
527,"""Kağızsız Hökumət""-ə keçid çərçivəsində Milli Məlumat Mübadiləsi platformasının təkmilləşdirilməsi ilə bağlı yeni həll təqdim edilib."
528,Ödənişsiz internetə çıxışın üstünlükləri
529,Dünya Bankı tərəfindən Azərbaycanın rəqəmsal inkişaf strategiyası üçün modullardan ibarət ilkin sənəd hazırlandı
530,Azərbaycan Qazaxıstanda keçirilən “Digital Bridge” tədbirində təmsil olunub
531,İnnovasiya və Rəqəmsal İnkişaf Agentliyinin rəhbər şəxsləri nüfuzlu beynəlxalq mükafata layiq görülüblər
532,Azərbaycan dünyanın aparıcı tədbiri “TechCrunch Disrupt”da təmsil olunub
533,Azərbaycan startapları Türkiyədə keçirilən “Teknofest”də iştirak edib
534,İsrailin bir sıra aparıcı şirkət nümayəndələri Azərbaycana səfər edib
535,Pakistanın İKT üzrə aparıcı şirkətlər qrupunun nümayəndə heyəti Azərbaycana səfər edib
536,“Azərbaycanda rəqəmsal hökumətin inkişafı” mövzusunda vörkşop keçirilib
537,"""Kağızsız Hökumət""-ə keçid çərçivəsində Milli Məlumat Mübadiləsi platformasının təkmilləşdirilməsi ilə bağlı yeni həll təqdim edilib."
538,Ödənişsiz internetə çıxışın üstünlükləri
539,Dünya Bankı tərəfindən Azərbaycanın rəqəmsal inkişaf strategiyası üçün modullardan ibarət ilkin sənəd hazırlandı
540,Azərbaycan Qazaxıstanda keçirilən “Digital Bridge” tədbirində təmsil olunub
541,İnnovasiya və Rəqəmsal İnkişaf Agentliyinin rəhbər şəxsləri nüfuzlu beynəlxalq mükafata layiq görülüblər
542,Azərbaycan dünyanın aparıcı tədbiri “TechCrunch Disrupt”da təmsil olunub
543,Azərbaycan startapları Türkiyədə keçirilən “Teknofest”də iştirak edib
544,İsrailin bir sıra aparıcı şirkət nümayəndələri Azərbaycana səfər edib
545,Pakistanın İKT üzrə aparıcı şirkətlər qrupunun nümayəndə heyəti Azərbaycana səfər edib
546,“Azərbaycanda rəqəmsal hökumətin inkişafı” mövzusunda vörkşop keçirilib
547,"""Kağızsız Hökumət""-ə keçid çərçivəsində Milli Məlumat Mübadiləsi platformasının təkmilləşdirilməsi ilə bağlı yeni həll təqdim edilib."
548,Ödənişsiz internetə çıxışın üstünlükləri
549,Dünya Bankı tərəfindən Azərbaycanın rəqəmsal inkişaf strategiyası üçün modullardan ibarət ilkin sənəd hazırlandı
550,Azərbaycan Qazaxıstanda keçirilən “Digital Bridge” tədbirində təmsil olunub
551,İnnovasiya və Rəqəmsal İnkişaf Agentliyinin rəhbər şəxsləri nüfuzlu beynəlxalq mükafata layiq görülüblər
552,Azərbaycan dünyanın aparıcı tədbiri “TechCrunch Disrupt”da təmsil olunub
553,Azərbaycan startapları Türkiyədə keçirilən “Teknofest”də iştirak edib
554,İsrailin bir sıra aparıcı şirkət nümayəndələri Azərbaycana səfər edib
555,Pakistanın İKT üzrə aparıcı şirkətlər qrupunun nümayəndə heyəti Azərbaycana səfər edib
556,“Azərbaycanda rəqəmsal hökumətin inkişafı” mövzusunda vörkşop keçirilib
557,"""Kağızsız Hökumət""-ə keçid çərçivəsində Milli Məlumat Mübadiləsi platformasının təkmilləşdirilməsi ilə bağlı yeni həll təqdim edilib."
558,Ödənişsiz internetə çıxışın üstünlükləri
559,Dünya Bankı tərəfindən Azərbaycanın rəqəmsal inkişaf strategiyası üçün modullardan ibarət ilkin sənəd hazırlandı
560,Azərbaycan Qazaxıstanda keçirilən “Digital Bridge” tədbirində təmsil olunub
561,İnnovasiya və Rəqəmsal İnkişaf Agentliyinin rəhbər şəxsləri nüfuzlu beynəlxalq mükafata layiq görülüblər
562,Azərbaycan dünyanın aparıcı tədbiri “TechCrunch Disrupt”da təmsil olunub
563,Azərbaycan startapları Türkiyədə keçirilən “Teknofest”də iştirak edib
564,İsrailin bir sıra aparıcı şirkət nümayəndələri Azərbaycana səfər edib
565,Pakistanın İKT üzrə aparıcı şirkətlər qrupunun nümayəndə heyəti Azərbaycana səfər edib
566,“Azərbaycanda rəqəmsal hökumətin inkişafı” mövzusunda vörkşop keçirilib
567,"""Kağızsız Hökumət""-ə keçid çərçivəsində Milli Məlumat Mübadiləsi platformasının təkmilləşdirilməsi ilə bağlı yeni həll təqdim edilib."
568,Ödənişsiz internetə çıxışın üstünlükləri
569,Dünya Bankı tərəfindən Azərbaycanın rəqəmsal inkişaf strategiyası üçün modullardan ibarət ilkin sənəd hazırlandı
570,Azərbaycan Qazaxıstanda keçirilən “Digital Bridge” tədbirində təmsil olunub
571,İnnovasiya və Rəqəmsal İnkişaf Agentliyinin rəhbər şəxsləri nüfuzlu beynəlxalq mükafata layiq görülüblər
572,Azərbaycan dünyanın aparıcı tədbiri “TechCrunch Disrupt”da təmsil olunub
573,Azərbaycan startapları Türkiyədə keçirilən “Teknofest”də iştirak edib
574,İsrailin bir sıra aparıcı şirkət nümayəndələri Azərbaycana səfər edib
575,Pakistanın İKT üzrə aparıcı şirkətlər qrupunun nümayəndə heyəti Azərbaycana səfər edib
576,“Azərbaycanda rəqəmsal hökumətin inkişafı” mövzusunda vörkşop keçirilib
577,"""Kağızsız Hökumət""-ə keçid çərçivəsində Milli Məlumat Mübadiləsi platformasının təkmilləşdirilməsi ilə bağlı yeni həll təqdim edilib."
578,Ödənişsiz internetə çıxışın üstünlükləri
579,Dünya Bankı tərəfindən Azərbaycanın rəqəmsal inkişaf strategiyası üçün modullardan ibarət ilkin sənəd hazırlandı
580,Azərbaycan Qazaxıstanda keçirilən “Digital Bridge” tədbirində təmsil olunub
581,İnnovasiya və Rəqəmsal İnkişaf Agentliyinin rəhbər şəxsləri nüfuzlu beynəlxalq mükafata layiq görülüblər
582,Azərbaycan dünyanın aparıcı tədbiri “TechCrunch Disrupt”da təmsil olunub
583,Azərbaycan startapları Türkiyədə keçirilən “Teknofest”də iştirak edib
584,İsrailin bir sıra aparıcı şirkət nümayəndələri Azərbaycana səfər edib
585,Pakistanın İKT üzrə aparıcı şirkətlər qrupunun nümayəndə heyəti Azərbaycana səfər edib
586,“Azərbaycanda rəqəmsal hökumətin inkişafı” mövzusunda vörkşop keçirilib
587,"""Kağızsız Hökumət""-ə keçid çərçivəsində Milli Məlumat Mübadiləsi platformasının təkmilləşdirilməsi ilə bağlı yeni həll təqdim edilib."
588,Ödənişsiz internetə çıxışın üstünlükləri
589,Dünya Bankı tərəfindən Azərbaycanın rəqəmsal inkişaf strategiyası üçün modullardan ibarət ilkin sənəd hazırlandı
590,Azərbaycan Qazaxıstanda keçirilən “Digital Bridge” tədbirində təmsil olunub
591,İnnovasiya və Rəqəmsal İnkişaf Agentliyinin rəhbər şəxsləri nüfuzlu beynəlxalq mükafata layiq görülüblər
592,Azərbaycan dünyanın aparıcı tədbiri “TechCrunch Disrupt”da təmsil olunub
593,Azərbaycan startapları Türkiyədə keçirilən “Teknofest”də iştirak edib
594,İsrailin bir sıra aparıcı şirkət nümayəndələri Azərbaycana səfər edib
595,Pakistanın İKT üzrə aparıcı şirkətlər qrupunun nümayəndə heyəti Azərbaycana səfər edib
596,“Azərbaycanda rəqəmsal hökumətin inkişafı” mövzusunda vörkşop keçirilib
597,"""Kağızsız Hökumət""-ə keçid çərçivəsində Milli Məlumat Mübadiləsi platformasının təkmilləşdirilməsi ilə bağlı yeni həll təqdim edilib."
598,Ödənişsiz internetə çıxışın üstünlükləri
599,Dünya Bankı tərəfindən Azərbaycanın rəqəmsal inkişaf strategiyası üçün modullardan ibarət ilkin sənəd hazırlandı
600,Azərbaycan Qazaxıstanda keçirilən “Digital Bridge” tədbirində təmsil olunub
601,İnnovasiya və Rəqəmsal İnkişaf Agentliyinin rəhbər şəxsləri nüfuzlu beynəlxalq mükafata layiq görülüblər
602,Azərbaycan dünyanın aparıcı tədbiri “TechCrunch Disrupt”da təmsil olunub
603,Azərbaycan startapları Türkiyədə keçirilən “Teknofest”də iştirak edib
604,İsrailin bir sıra aparıcı şirkət nümayəndələri Azərbaycana səfər edib
605,Pakistanın İKT üzrə aparıcı şirkətlər qrupunun nümayəndə heyəti Azərbaycana səfər edib
606,“Azərbaycanda rəqəmsal hökumətin inkişafı” mövzusunda vörkşop keçirilib
607,"""Kağızsız Hökumət""-ə keçid çərçivəsində Milli Məlumat Mübadiləsi platformasının təkmilləşdirilməsi ilə bağlı yeni həll təqdim edilib."
608,Ödənişsiz internetə çıxışın üstünlükləri
609,Dünya Bankı tərəfindən Azərbaycanın rəqəmsal inkişaf strategiyası üçün modullardan ibarət ilkin sənəd hazırlandı
610,Azərbaycan Qazaxıstanda keçirilən “Digital Bridge” tədbirində təmsil olunub
611,İnnovasiya və Rəqəmsal İnkişaf Agentliyinin rəhbər şəxsləri nüfuzlu beynəlxalq mükafata layiq görülüblər
612,Azərbaycan dünyanın aparıcı tədbiri “TechCrunch Disrupt”da təmsil olunub
613,Azərbaycan startapları Türkiyədə keçirilən “Teknofest”də iştirak edib
614,İsrailin bir sıra aparıcı şirkət nümayəndələri Azərbaycana səfər edib
615,Pakistanın İKT üzrə aparıcı şirkətlər qrupunun nümayəndə heyəti Azərbaycana səfər edib
616,“Azərbaycanda rəqəmsal hökumətin inkişafı” mövzusunda vörkşop keçirilib
617,"""Kağızsız Hökumət""-ə keçid çərçivəsində Milli Məlumat Mübadiləsi platformasının təkmilləşdirilməsi ilə bağlı yeni həll təqdim edilib."
618,Ödənişsiz internetə çıxışın üstünlükləri
619,Dünya Bankı tərəfindən Azərbaycanın rəqəmsal inkişaf strategiyası üçün modullardan ibarət ilkin sənəd hazırlandı
620,Azərbaycan Qazaxıstanda keçirilən “Digital Bridge” tədbirində təmsil olunub
621,İnnovasiya və Rəqəmsal İnkişaf Agentliyinin rəhbər şəxsləri nüfuzlu beynəlxalq mükafata layiq görülüblər
622,Azərbaycan dünyanın aparıcı tədbiri “TechCrunch Disrupt”da təmsil olunub
623,Azərbaycan startapları Türkiyədə keçirilən “Teknofest”də iştirak edib
624,İsrailin bir sıra aparıcı şirkət nümayəndələri Azərbaycana səfər edib
625,Pakistanın İKT üzrə aparıcı şirkətlər qrupunun nümayəndə heyəti Azərbaycana səfər edib
626,“Azərbaycanda rəqəmsal hökumətin inkişafı” mövzusunda vörkşop keçirilib
627,"""Kağızsız Hökumət""-ə keçid çərçivəsində Milli Məlumat Mübadiləsi platformasının təkmilləşdirilməsi ilə bağlı yeni həll təqdim edilib."
628,Ödənişsiz internetə çıxışın üstünlükləri
629,Dünya Bankı tərəfindən Azərbaycanın rəqəmsal inkişaf strategiyası üçün modullardan ibarət ilkin sənəd hazırlandı
630,Azərbaycan Qazaxıstanda keçirilən “Digital Bridge” tədbirində təmsil olunub
631,İnnovasiya və Rəqəmsal İnkişaf Agentliyinin rəhbər şəxsləri nüfuzlu beynəlxalq mükafata layiq görülüblər
632,Azərbaycan dünyanın aparıcı tədbiri “TechCrunch Disrupt”da təmsil olunub
633,Azərbaycan startapları Türkiyədə keçirilən “Teknofest”də iştirak edib
634,İsrailin bir sıra aparıcı şirkət nümayəndələri Azərbaycana səfər edib
635,Pakistanın İKT üzrə aparıcı şirkətlər qrupunun nümayəndə heyəti Azərbaycana səfər edib
636,“Azərbaycanda rəqəmsal hökumətin inkişafı” mövzusunda vörkşop keçirilib
637,"""Kağızsız Hökumət""-ə keçid çərçivəsində Milli Məlumat Mübadiləsi platformasının təkmilləşdirilməsi ilə bağlı yeni həll təqdim edilib."
638,Ödənişsiz internetə çıxışın üstünlükləri
639,Dünya Bankı tərəfindən Azərbaycanın rəqəmsal inkişaf strategiyası üçün modullardan ibarət ilkin sənəd hazırlandı
640,Azərbaycan Qazaxıstanda keçirilən “Digital Bridge” tədbirində təmsil olunub
641,İnnovasiya və Rəqəmsal İnkişaf Agentliyinin rəhbər şəxsləri nüfuzlu beynəlxalq mükafata layiq görülüblər
642,Azərbaycan dünyanın aparıcı tədbiri “TechCrunch Disrupt”da təmsil olunub
643,Azərbaycan startapları Türkiyədə keçirilən “Teknofest”də iştirak edib
644,İsrailin bir sıra aparıcı şirkət nümayəndələri Azərbaycana səfər edib
645,Pakistanın İKT üzrə aparıcı şirkətlər qrupunun nümayəndə heyəti Azərbaycana səfər edib
646,“Azərbaycanda rəqəmsal hökumətin inkişafı” mövzusunda vörkşop keçirilib
647,"""Kağızsız Hökumət""-ə keçid çərçivəsində Milli Məlumat Mübadiləsi platformasının təkmilləşdirilməsi ilə bağlı yeni həll təqdim edilib."
648,Ödənişsiz internetə çıxışın üstünlükləri
649,Dünya Bankı tərəfindən Azərbaycanın rəqəmsal inkişaf strategiyası üçün modullardan ibarət ilkin sənəd hazırlandı
650,Azərbaycan Qazaxıstanda keçirilən “Digital Bridge” tədbirində təmsil olunub
651,İnnovasiya və Rəqəmsal İnkişaf Agentliyinin rəhbər şəxsləri nüfuzlu beynəlxalq mükafata layiq görülüblər
652,Azərbaycan dünyanın aparıcı tədbiri “TechCrunch Disrupt”da təmsil olunub
653,Azərbaycan startapları Türkiyədə keçirilən “Teknofest”də iştirak edib
654,İsrailin bir sıra aparıcı şirkət nümayəndələri Azərbaycana səfər edib
655,Pakistanın İKT üzrə aparıcı şirkətlər qrupunun nümayəndə heyəti Azərbaycana səfər edib
656,“Azərbaycanda rəqəmsal hökumətin inkişafı” mövzusunda vörkşop keçirilib
657,"""Kağızsız Hökumət""-ə keçid çərçivəsində Milli Məlumat Mübadiləsi platformasının təkmilləşdirilməsi ilə bağlı yeni həll təqdim edilib."
658,Ödənişsiz internetə çıxışın üstünlükləri
659,Dünya Bankı tərəfindən Azərbaycanın rəqəmsal inkişaf strategiyası üçün modullardan ibarət ilkin sənəd hazırlandı
660,Azərbaycan Qazaxıstanda keçirilən “Digital Bridge” tədbirində təmsil olunub
661,İnnovasiya və Rəqəmsal İnkişaf Agentliyinin rəhbər şəxsləri nüfuzlu beynəlxalq mükafata layiq görülüblər
662,Azərbaycan dünyanın aparıcı tədbiri “TechCrunch Disrupt”da təmsil olunub
663,Azərbaycan startapları Türkiyədə keçirilən “Teknofest”də iştirak edib
664,İsrailin bir sıra aparıcı şirkət nümayəndələri Azərbaycana səfər edib
665,Pakistanın İKT üzrə aparıcı şirkətlər qrupunun nümayəndə heyəti Azərbaycana səfər edib
666,“Azərbaycanda rəqəmsal hökumətin inkişafı” mövzusunda vörkşop keçirilib
667,"""Kağızsız Hökumət""-ə keçid çərçivəsində Milli Məlumat Mübadiləsi platformasının təkmilləşdirilməsi ilə bağlı yeni həll təqdim edilib."
668,Ödənişsiz internetə çıxışın üstünlükləri
669,Dünya Bankı tərəfindən Azərbaycanın rəqəmsal inkişaf strategiyası üçün modullardan ibarət ilkin sənəd hazırlandı
670,Azərbaycan Qazaxıstanda keçirilən “Digital Bridge” tədbirində təmsil olunub
671,İnnovasiya və Rəqəmsal İnkişaf Agentliyinin rəhbər şəxsləri nüfuzlu beynəlxalq mükafata layiq görülüblər
672,Azərbaycan dünyanın aparıcı tədbiri “TechCrunch Disrupt”da təmsil olunub
673,Azərbaycan startapları Türkiyədə keçirilən “Teknofest”də iştirak edib
674,İsrailin bir sıra aparıcı şirkət nümayəndələri Azərbaycana səfər edib
675,Pakistanın İKT üzrə aparıcı şirkətlər qrupunun nümayəndə heyəti Azərbaycana səfər edib
676,“Azərbaycanda rəqəmsal hökumətin inkişafı” mövzusunda vörkşop keçirilib
677,"""Kağızsız Hökumət""-ə keçid çərçivəsində Milli Məlumat Mübadiləsi platformasının təkmilləşdirilməsi ilə bağlı yeni həll təqdim edilib."
678,Ödənişsiz internetə çıxışın üstünlükləri
679,Dünya Bankı tərəfindən Azərbaycanın rəqəmsal inkişaf strategiyası üçün modullardan ibarət ilkin sənəd hazırlandı
680,Azərbaycan Qazaxıstanda keçirilən “Digital Bridge” tədbirində təmsil olunub
681,İnnovasiya və Rəqəmsal İnkişaf Agentliyinin rəhbər şəxsləri nüfuzlu beynəlxalq mükafata layiq görülüblər
682,Azərbaycan dünyanın aparıcı tədbiri “TechCrunch Disrupt”da təmsil olunub
683,Azərbaycan startapları Türkiyədə keçirilən “Teknofest”də iştirak edib
684,İsrailin bir sıra aparıcı şirkət nümayəndələri Azərbaycana səfər edib
685,Pakistanın İKT üzrə aparıcı şirkətlər qrupunun nümayəndə heyəti Azərbaycana səfər edib
686,“Azərbaycanda rəqəmsal hökumətin inkişafı” mövzusunda vörkşop keçirilib
687,"""Kağızsız Hökumət""-ə keçid çərçivəsində Milli Məlumat Mübadiləsi platformasının təkmilləşdirilməsi ilə bağlı yeni həll təqdim edilib."
688,Ödənişsiz internetə çıxışın üstünlükləri
689,Dünya Bankı tərəfindən Azərbaycanın rəqəmsal inkişaf strategiyası üçün modullardan ibarət ilkin sənəd hazırlandı
690,Azərbaycan Qazaxıstanda keçirilən “Digital Bridge” tədbirində təmsil olunub
691,İnnovasiya və Rəqəmsal İnkişaf Agentliyinin rəhbər şəxsləri nüfuzlu beynəlxalq mükafata layiq görülüblər
692,Azərbaycan dünyanın aparıcı tədbiri “TechCrunch Disrupt”da təmsil olunub
693,Azərbaycan startapları Türkiyədə keçirilən “Teknofest”də iştirak edib
694,İsrailin bir sıra aparıcı şirkət nümayəndələri Azərbaycana səfər edib
695,Pakistanın İKT üzrə aparıcı şirkətlər qrupunun nümayəndə heyəti Azərbaycana səfər edib
696,“Azərbaycanda rəqəmsal hökumətin inkişafı” mövzusunda vörkşop keçirilib
697,"""Kağızsız Hökumət""-ə keçid çərçivəsində Milli Məlumat Mübadiləsi platformasının təkmilləşdirilməsi ilə bağlı yeni həll təqdim edilib."
698,Ödənişsiz internetə çıxışın üstünlükləri
699,Dünya Bankı tərəfindən Azərbaycanın rəqəmsal inkişaf strategiyası üçün modullardan ibarət ilkin sənəd hazırlandı
700,Azərbaycan Qazaxıstanda keçirilən “Digital Bridge” tədbirində təmsil olunub
701,İnnovasiya və Rəqəmsal İnkişaf Agentliyinin rəhbər şəxsləri nüfuzlu beynəlxalq mükafata layiq görülüblər
702,Azərbaycan dünyanın aparıcı tədbiri “TechCrunch Disrupt”da təmsil olunub
703,Azərbaycan startapları Türkiyədə keçirilən “Teknofest”də iştirak edib
704,İsrailin bir sıra aparıcı şirkət nümayəndələri Azərbaycana səfər edib
705,Pakistanın İKT üzrə aparıcı şirkətlər qrupunun nümayəndə heyəti Azərbaycana səfər edib
706,“Azərbaycanda rəqəmsal hökumətin inkişafı” mövzusunda vörkşop keçirilib
707,"""Kağızsız Hökumət""-ə keçid çərçivəsində Milli Məlumat Mübadiləsi platformasının təkmilləşdirilməsi ilə bağlı yeni həll təqdim edilib."
708,Ödənişsiz internetə çıxışın üstünlükləri
709,Dünya Bankı tərəfindən Azərbaycanın rəqəmsal inkişaf strategiyası üçün modullardan ibarət ilkin sənəd hazırlandı
710,Azərbaycan Qazaxıstanda keçirilən “Digital Bridge” tədbirində təmsil olunub
711,İnnovasiya və Rəqəmsal İnkişaf Agentliyinin rəhbər şəxsləri nüfuzlu beynəlxalq mükafata layiq görülüblər
712,Azərbaycan dünyanın aparıcı tədbiri “TechCrunch Disrupt”da təmsil olunub
713,Azərbaycan startapları Türkiyədə keçirilən “Teknofest”də iştirak edib
714,İsrailin bir sıra aparıcı şirkət nümayəndələri Azərbaycana səfər edib
715,Pakistanın İKT üzrə aparıcı şirkətlər qrupunun nümayəndə heyəti Azərbaycana səfər edib
716,“Azərbaycanda rəqəmsal hökumətin inkişafı” mövzusunda vörkşop keçirilib
717,"""Kağızsız Hökumət""-ə keçid çərçivəsində Milli Məlumat Mübadiləsi platformasının təkmilləşdirilməsi ilə bağlı yeni həll təqdim edilib."
718,Ödənişsiz internetə çıxışın üstünlükləri
719,Dünya Bankı tərəfindən Azərbaycanın rəqəmsal inkişaf strategiyası üçün modullardan ibarət ilkin sənəd hazırlandı
720,Azərbaycan Qazaxıstanda keçirilən “Digital Bridge” tədbirində təmsil olunub
721,İnnovasiya və Rəqəmsal İnkişaf Agentliyinin rəhbər şəxsləri nüfuzlu beynəlxalq mükafata layiq görülüblər
722,Azərbaycan dünyanın aparıcı tədbiri “TechCrunch Disrupt”da təmsil olunub
723,Azərbaycan startapları Türkiyədə keçirilən “Teknofest”də iştirak edib
724,İsrailin bir sıra aparıcı şirkət nümayəndələri Azərbaycana səfər edib
725,Pakistanın İKT üzrə aparıcı şirkətlər qrupunun nümayəndə heyəti Azərbaycana səfər edib
726,“Azərbaycanda rəqəmsal hökumətin inkişafı” mövzusunda vörkşop keçirilib
727,"""Kağızsız Hökumət""-ə keçid çərçivəsində Milli Məlumat Mübadiləsi platformasının təkmilləşdirilməsi ilə bağlı yeni həll təqdim edilib."
728,Ödənişsiz internetə çıxışın üstünlükləri
729,Dünya Bankı tərəfindən Azərbaycanın rəqəmsal inkişaf strategiyası üçün modullardan ibarət ilkin sənəd hazırlandı
730,Azərbaycan Qazaxıstanda keçirilən “Digital Bridge” tədbirində təmsil olunub
731,İnnovasiya və Rəqəmsal İnkişaf Agentliyinin rəhbər şəxsləri nüfuzlu beynəlxalq mükafata layiq görülüblər
732,Azərbaycan dünyanın aparıcı tədbiri “TechCrunch Disrupt”da təmsil olunub
733,Azərbaycan startapları Türkiyədə keçirilən “Teknofest”də iştirak edib
734,İsrailin bir sıra aparıcı şirkət nümayəndələri Azərbaycana səfər edib
735,Pakistanın İKT üzrə aparıcı şirkətlər qrupunun nümayəndə heyəti Azərbaycana səfər edib
736,“Azərbaycanda rəqəmsal hökumətin inkişafı” mövzusunda vörkşop keçirilib
737,"""Kağızsız Hökumət""-ə keçid çərçivəsində Milli Məlumat Mübadiləsi platformasının təkmilləşdirilməsi ilə bağlı yeni həll təqdim edilib."
738,Ödənişsiz internetə çıxışın üstünlükləri
739,Dünya Bankı tərəfindən Azərbaycanın rəqəmsal inkişaf strategiyası üçün modullardan ibarət ilkin sənəd hazırlandı
740,Azərbaycan Qazaxıstanda keçirilən “Digital Bridge” tədbirində təmsil olunub
741,İnnovasiya və Rəqəmsal İnkişaf Agentliyinin rəhbər şəxsləri nüfuzlu beynəlxalq mükafata layiq görülüblər
742,Azərbaycan dünyanın aparıcı tədbiri “TechCrunch Disrupt”da təmsil olunub
743,Azərbaycan startapları Türkiyədə keçirilən “Teknofest”də iştirak edib
744,İsrailin bir sıra aparıcı şirkət nümayəndələri Azərbaycana səfər edib
745,Pakistanın İKT üzrə aparıcı şirkətlər qrupunun nümayəndə heyəti Azərbaycana səfər edib
746,“Azərbaycanda rəqəmsal hökumətin inkişafı” mövzusunda vörkşop keçirilib
747,"""Kağızsız Hökumət""-ə keçid çərçivəsində Milli Məlumat Mübadiləsi platformasının təkmilləşdirilməsi ilə bağlı yeni həll təqdim edilib."
748,Ödənişsiz internetə çıxışın üstünlükləri
749,Dünya Bankı tərəfindən Azərbaycanın rəqəmsal inkişaf strategiyası üçün modullardan ibarət ilkin sənəd hazırlandı
750,Azərbaycan Qazaxıstanda keçirilən “Digital Bridge” tədbirində təmsil olunub
751,İnnovasiya və Rəqəmsal İnkişaf Agentliyinin rəhbər şəxsləri nüfuzlu beynəlxalq mükafata layiq görülüblər
752,Azərbaycan dünyanın aparıcı tədbiri “TechCrunch Disrupt”da təmsil olunub
753,Azərbaycan startapları Türkiyədə keçirilən “Teknofest”də iştirak edib
754,İsrailin bir sıra aparıcı şirkət nümayəndələri Azərbaycana səfər edib
755,Pakistanın İKT üzrə aparıcı şirkətlər qrupunun nümayəndə heyəti Azərbaycana səfər edib
756,“Azərbaycanda rəqəmsal hökumətin inkişafı” mövzusunda vörkşop keçirilib
757,"""Kağızsız Hökumət""-ə keçid çərçivəsində Milli Məlumat Mübadiləsi platformasının təkmilləşdirilməsi ilə bağlı yeni həll təqdim edilib."
758,Ödənişsiz internetə çıxışın üstünlükləri
759,Dünya Bankı tərəfindən Azərbaycanın rəqəmsal inkişaf strategiyası üçün modullardan ibarət ilkin sənəd hazırlandı
760,Azərbaycan Qazaxıstanda keçirilən “Digital Bridge” tədbirində təmsil olunub
761,İnnovasiya və Rəqəmsal İnkişaf Agentliyinin rəhbər şəxsləri nüfuzlu beynəlxalq mükafata layiq görülüblər
762,Azərbaycan dünyanın aparıcı tədbiri “TechCrunch Disrupt”da təmsil olunub
763,Azərbaycan startapları Türkiyədə keçirilən “Teknofest”də iştirak edib
764,İsrailin bir sıra aparıcı şirkət nümayəndələri Azərbaycana səfər edib
765,Pakistanın İKT üzrə aparıcı şirkətlər qrupunun nümayəndə heyəti Azərbaycana səfər edib
766,“Azərbaycanda rəqəmsal hökumətin inkişafı” mövzusunda vörkşop keçirilib
767,"""Kağızsız Hökumət""-ə keçid çərçivəsində Milli Məlumat Mübadiləsi platformasının təkmilləşdirilməsi ilə bağlı yeni həll təqdim edilib."
768,Ödənişsiz internetə çıxışın üstünlükləri
769,Dünya Bankı tərəfindən Azərbaycanın rəqəmsal inkişaf strategiyası üçün modullardan ibarət ilkin sənəd hazırlandı
770,Azərbaycan Qazaxıstanda keçirilən “Digital Bridge” tədbirində təmsil olunub
771,İnnovasiya və Rəqəmsal İnkişaf Agentliyinin rəhbər şəxsləri nüfuzlu beynəlxalq mükafata layiq görülüblər
772,Azərbaycan dünyanın aparıcı tədbiri “TechCrunch Disrupt”da təmsil olunub
773,Azərbaycan startapları Türkiyədə keçirilən “Teknofest”də iştirak edib
774,İsrailin bir sıra aparıcı şirkət nümayəndələri Azərbaycana səfər edib
775,Pakistanın İKT üzrə aparıcı şirkətlər qrupunun nümayəndə heyəti Azərbaycana səfər edib
776,“Azərbaycanda rəqəmsal hökumətin inkişafı” mövzusunda vörkşop keçirilib
777,"""Kağızsız Hökumət""-ə keçid çərçivəsində Milli Məlumat Mübadiləsi platformasının təkmilləşdirilməsi ilə bağlı yeni həll təqdim edilib."
778,Ödənişsiz internetə çıxışın üstünlükləri
779,Dünya Bankı tərəfindən Azərbaycanın rəqəmsal inkişaf strategiyası üçün modullardan ibarət ilkin sənəd hazırlandı
780,Azərbaycan Qazaxıstanda keçirilən “Digital Bridge” tədbirində təmsil olunub
781,İnnovasiya və Rəqəmsal İnkişaf Agentliyinin rəhbər şəxsləri nüfuzlu beynəlxalq mükafata layiq görülüblər
782,Azərbaycan dünyanın aparıcı tədbiri “TechCrunch Disrupt”da təmsil olunub
783,Azərbaycan startapları Türkiyədə keçirilən “Teknofest”də iştirak edib
784,İsrailin bir sıra aparıcı şirkət nümayəndələri Azərbaycana səfər edib
785,Pakistanın İKT üzrə aparıcı şirkətlər qrupunun nümayəndə heyəti Azərbaycana səfər edib
786,“Azərbaycanda rəqəmsal hökumətin inkişafı” mövzusunda vörkşop keçirilib
787,"""Kağızsız Hökumət""-ə keçid çərçivəsində Milli Məlumat Mübadiləsi platformasının təkmilləşdirilməsi ilə bağlı yeni həll təqdim edilib."
788,Ödənişsiz internetə çıxışın üstünlükləri
789,Dünya Bankı tərəfindən Azərbaycanın rəqəmsal inkişaf strategiyası üçün modullardan ibarət ilkin sənəd hazırlandı
790,Azərbaycan Qazaxıstanda keçirilən “Digital Bridge” tədbirində təmsil olunub
791,İnnovasiya və Rəqəmsal İnkişaf Agentliyinin rəhbər şəxsləri nüfuzlu beynəlxalq mükafata layiq görülüblər
792,Azərbaycan dünyanın aparıcı tədbiri “TechCrunch Disrupt”da təmsil olunub
793,Azərbaycan startapları Türkiyədə keçirilən “Teknofest”də iştirak edib
794,İsrailin bir sıra aparıcı şirkət nümayəndələri Azərbaycana səfər edib
795,Pakistanın İKT üzrə aparıcı şirkətlər qrupunun nümayəndə heyəti Azərbaycana səfər edib
796,“Azərbaycanda rəqəmsal hökumətin inkişafı” mövzusunda vörkşop keçirilib
797,"""Kağızsız Hökumət""-ə keçid çərçivəsində Milli Məlumat Mübadiləsi platformasının təkmilləşdirilməsi ilə bağlı yeni həll təqdim edilib."
798,Ödənişsiz internetə çıxışın üstünlükləri
799,Dünya Bankı tərəfindən Azərbaycanın rəqəmsal inkişaf strategiyası üçün modullardan ibarət ilkin sənəd hazırlandı
800,Azərbaycan Qazaxıstanda keçirilən “Digital Bridge” tədbirində təmsil olunub
801,İnnovasiya və Rəqəmsal İnkişaf Agentliyinin rəhbər şəxsləri nüfuzlu beynəlxalq mükafata layiq görülüblər
802,Azərbaycan dünyanın aparıcı tədbiri “TechCrunch Disrupt”da təmsil olunub
803,Azərbaycan startapları Türkiyədə keçirilən “Teknofest”də iştirak edib
804,İsrailin bir sıra aparıcı şirkət nümayəndələri Azərbaycana səfər edib
805,Pakistanın İKT üzrə aparıcı şirkətlər qrupunun nümayəndə heyəti Azərbaycana səfər edib
806,“Azərbaycanda rəqəmsal hökumətin inkişafı” mövzusunda vörkşop keçirilib
807,"""Kağızsız Hökumət""-ə keçid çərçivəsində Milli Məlumat Mübadiləsi platformasının təkmilləşdirilməsi ilə bağlı yeni həll təqdim edilib."
808,Ödənişsiz internetə çıxışın üstünlükləri
809,Dünya Bankı tərəfindən Azərbaycanın rəqəmsal inkişaf strategiyası üçün modullardan ibarət ilkin sənəd hazırlandı
810,Azərbaycan Qazaxıstanda keçirilən “Digital Bridge” tədbirində təmsil olunub
811,İnnovasiya və Rəqəmsal İnkişaf Agentliyinin rəhbər şəxsləri nüfuzlu beynəlxalq mükafata layiq görülüblər
812,Azərbaycan dünyanın aparıcı tədbiri “TechCrunch Disrupt”da təmsil olunub
813,Azərbaycan startapları Türkiyədə keçirilən “Teknofest”də iştirak edib
814,İsrailin bir sıra aparıcı şirkət nümayəndələri Azərbaycana səfər edib
815,Pakistanın İKT üzrə aparıcı şirkətlər qrupunun nümayəndə heyəti Azərbaycana səfər edib
816,“Azərbaycanda rəqəmsal hökumətin inkişafı” mövzusunda vörkşop keçirilib
817,"""Kağızsız Hökumət""-ə keçid çərçivəsində Milli Məlumat Mübadiləsi platformasının təkmilləşdirilməsi ilə bağlı yeni həll təqdim edilib."
818,Ödənişsiz internetə çıxışın üstünlükləri
819,Dünya Bankı tərəfindən Azərbaycanın rəqəmsal inkişaf strategiyası üçün modullardan ibarət ilkin sənəd hazırlandı
820,Azərbaycan Qazaxıstanda keçirilən “Digital Bridge” tədbirində təmsil olunub
821,İnnovasiya və Rəqəmsal İnkişaf Agentliyinin rəhbər şəxsləri nüfuzlu beynəlxalq mükafata layiq görülüblər
822,Azərbaycan dünyanın aparıcı tədbiri “TechCrunch Disrupt”da təmsil olunub
823,Azərbaycan startapları Türkiyədə keçirilən “Teknofest”də iştirak edib
824,İsrailin bir sıra aparıcı şirkət nümayəndələri Azərbaycana səfər edib
825,Pakistanın İKT üzrə aparıcı şirkətlər qrupunun nümayəndə heyəti Azərbaycana səfər edib
826,“Azərbaycanda rəqəmsal hökumətin inkişafı” mövzusunda vörkşop keçirilib
827,"""Kağızsız Hökumət""-ə keçid çərçivəsində Milli Məlumat Mübadiləsi platformasının təkmilləşdirilməsi ilə bağlı yeni həll təqdim edilib."
828,Ödənişsiz internetə çıxışın üstünlükləri
829,Dünya Bankı tərəfindən Azərbaycanın rəqəmsal inkişaf strategiyası üçün modullardan ibarət ilkin sənəd hazırlandı
